Workbook

Sheet 거래처별요약
A1: 2026년 컴투스 매출현황 (게임매출 주요 거래처)
F2: (단위: 백만원)
A3: 분류 | B3: 거래처 | C3: 1월 | D3: 2월 | E3: 3월 | F3: 4월
A4: 게임매출 | B4: 애플 | C4: =IFERROR(SUMIFS(Raw_Data!$G:$G,Raw_Data!$AG:$AG,"애플",Raw_Data!$AH:$AH,"1월",Raw_Data!$AE:$AE,"게임매출")/1000000,0) -> 16546.202 | D4: =IFERROR(SUMIFS(Raw_Data!$G:$G,Raw_Data!$AG:$AG,"애플",Raw_Data!$AH:$AH,"2월",Raw_Data!$AE:$AE,"게임매출")/1000000,0) -> 17056.774 | E4: =IFERROR(SUMIFS(Raw_Data!$G:$G,Raw_Data!$AG:$AG,"애플",Raw_Data!$AH:$AH,"3월",Raw_Data!$AE:$AE,"게임매출")/1000000,0) -> 17717.311 | F4: =IFERROR(SUMIFS(Raw_Data!$G:$G,Raw_Data!$AG:$AG,"애플",Raw_Data!$AH:$AH,"4월",Raw_Data!$AE:$AE,"게임매출")/1000000,0) -> 19327.238
A5: 게임매출 | B5: 구글 | C5: =IFERROR(SUMIFS(Raw_Data!$G:$G,Raw_Data!$AG:$AG,"구글",Raw_Data!$AH:$AH,"1월",Raw_Data!$AE:$AE,"게임매출")/1000000,0) -> 13448.648 | D5: =IFERROR(SUMIFS(Raw_Data!$G:$G,Raw_Data!$AG:$AG,"구글",Raw_Data!$AH:$AH,"2월",Raw_Data!$AE:$AE,"게임매출")/1000000,0) -> 14419.718 | E5: =IFERROR(SUMIFS(Raw_Data!$G:$G,Raw_Data!$AG:$AG,"구글",Raw_Data!$AH:$AH,"3월",Raw_Data!$AE:$AE,"게임매출")/1000000,0) -> 13732.6 | F5: =IFERROR(SUMIFS(Raw_Data!$G:$G,Raw_Data!$AG:$AG,"구글",Raw_Data!$AH:$AH,"4월",Raw_Data!$AE:$AE,"게임매출")/1000000,0) -> 16225.337
A6: 게임매출 | B6: 원스토어 | C6: =IFERROR(SUMIFS(Raw_Data!$G:$G,Raw_Data!$AG:$AG,"원스토어",Raw_Data!$AH:$AH,"1월",Raw_Data!$AE:$AE,"게임매출")/1000000,0) -> 4431.6808 | D6: =IFERROR(SUMIFS(Raw_Data!$G:$G,Raw_Data!$AG:$AG,"원스토어",Raw_Data!$AH:$AH,"2월",Raw_Data!$AE:$AE,"게임매출")/1000000,0) -> 4397.6983 | E6: =IFERROR(SUMIFS(Raw_Data!$G:$G,Raw_Data!$AG:$AG,"원스토어",Raw_Data!$AH:$AH,"3월",Raw_Data!$AE:$AE,"게임매출")/1000000,0) -> 4309.0618 | F6: =IFERROR(SUMIFS(Raw_Data!$G:$G,Raw_Data!$AG:$AG,"원스토어",Raw_Data!$AH:$AH,"4월",Raw_Data!$AE:$AE,"게임매출")/1000000,0) -> 4384.1162
A7: 게임매출 | B7: Valve | C7: =IFERROR(SUMIFS(Raw_Data!$G:$G,Raw_Data!$AG:$AG,"Valve",Raw_Data!$AH:$AH,"1월",Raw_Data!$AE:$AE,"게임매출")/1000000,0) -> 1414.8924 | D7: =IFERROR(SUMIFS(Raw_Data!$G:$G,Raw_Data!$AG:$AG,"Valve",Raw_Data!$AH:$AH,"2월",Raw_Data!$AE:$AE,"게임매출")/1000000,0) -> 1434.907 | E7: =IFERROR(SUMIFS(Raw_Data!$G:$G,Raw_Data!$AG:$AG,"Valve",Raw_Data!$AH:$AH,"3월",Raw_Data!$AE:$AE,"게임매출")/1000000,0) -> 1229.9719 | F7: =IFERROR(SUMIFS(Raw_Data!$G:$G,Raw_Data!$AG:$AG,"Valve",Raw_Data!$AH:$AH,"4월",Raw_Data!$AE:$AE,"게임매출")/1000000,0) -> 1826.6024
A8: 게임매출 | B8: Huawei | C8: =IFERROR(SUMIFS(Raw_Data!$G:$G,Raw_Data!$AG:$AG,"Huawei",Raw_Data!$AH:$AH,"1월",Raw_Data!$AE:$AE,"게임매출")/1000000,0) -> 973.26369 | D8: =IFERROR(SUMIFS(Raw_Data!$G:$G,Raw_Data!$AG:$AG,"Huawei",Raw_Data!$AH:$AH,"2월",Raw_Data!$AE:$AE,"게임매출")/1000000,0) -> 979.56424 | E8: =IFERROR(SUMIFS(Raw_Data!$G:$G,Raw_Data!$AG:$AG,"Huawei",Raw_Data!$AH:$AH,"3월",Raw_Data!$AE:$AE,"게임매출")/1000000,0) -> 892.93406 | F8: =IFERROR(SUMIFS(Raw_Data!$G:$G,Raw_Data!$AG:$AG,"Huawei",Raw_Data!$AH:$AH,"4월",Raw_Data!$AE:$AE,"게임매출")/1000000,0) -> 1120.0215
A9: 게임매출 | B9: NHN | C9: =IFERROR(SUMIFS(Raw_Data!$G:$G,Raw_Data!$AG:$AG,"NHN",Raw_Data!$AH:$AH,"1월",Raw_Data!$AE:$AE,"게임매출")/1000000,0) -> 1176.7839 | D9: =IFERROR(SUMIFS(Raw_Data!$G:$G,Raw_Data!$AG:$AG,"NHN",Raw_Data!$AH:$AH,"2월",Raw_Data!$AE:$AE,"게임매출")/1000000,0) -> 1064.2218 | E9: =IFERROR(SUMIFS(Raw_Data!$G:$G,Raw_Data!$AG:$AG,"NHN",Raw_Data!$AH:$AH,"3월",Raw_Data!$AE:$AE,"게임매출")/1000000,0) -> 941.88882 | F9: =IFERROR(SUMIFS(Raw_Data!$G:$G,Raw_Data!$AG:$AG,"NHN",Raw_Data!$AH:$AH,"4월",Raw_Data!$AE:$AE,"게임매출")/1000000,0) -> 1159.0805
A10: 게임매출 | B10: Beijing Raymobile | C10: =IFERROR(SUMIFS(Raw_Data!$G:$G,Raw_Data!$AG:$AG,"Beijing Raymobile",Raw_Data!$AH:$AH,"1월",Raw_Data!$AE:$AE,"게임매출")/1000000,0) -> 772.26266 | D10: =IFERROR(SUMIFS(Raw_Data!$G:$G,Raw_Data!$AG:$AG,"Beijing Raymobile",Raw_Data!$AH:$AH,"2월",Raw_Data!$AE:$AE,"게임매출")/1000000,0) -> 755.33302 | E10: =IFERROR(SUMIFS(Raw_Data!$G:$G,Raw_Data!$AG:$AG,"Beijing Raymobile",Raw_Data!$AH:$AH,"3월",Raw_Data!$AE:$AE,"게임매출")/1000000,0) -> 514.30051 | F10: =IFERROR(SUMIFS(Raw_Data!$G:$G,Raw_Data!$AG:$AG,"Beijing Raymobile",Raw_Data!$AH:$AH,"4월",Raw_Data!$AE:$AE,"게임매출")/1000000,0) -> 660.38051
A11: 게임매출 | B11: 기타 | C11: =IFERROR((SUMIFS(Raw_Data!$G:$G,Raw_Data!$AH:$AH,"1월",Raw_Data!$AE:$AE,"게임매출")-(SUMIFS(Raw_Data!$G:$G,Raw_Data!$AG:$AG,"애플",Raw_Data!$AH:$AH,"1월",Raw_Data!$AE:$AE,"게임매출")+SUMIFS(Raw_Data!$G:$G,Raw_Data!$AG:$AG,"구글",Raw_Data!$AH:$AH,"1월",Raw_Data!$AE:$AE,"게임매출")+SUMIFS(Raw_Data!$G:$G,Raw_Data!$AG:$AG,"원스토어",Raw_Data!$AH:$AH,"1월",Raw_Data!$AE:$AE,"게임매출")+SUMIFS(Raw_Data!$G:$G,Raw_Data!$AG:$AG,"Valve",Raw_Data!$AH:$AH,"1월",Raw_Data!$AE:$AE,"게임매출")+SUMIFS(Raw_Data!$G:$G,Raw_Data!$AG:$AG,"Huawei",Raw_Data!$AH:$AH,"1월",Raw_Data!$AE:$AE,"게임매출")+SUMIFS(Raw_Data!$G:$G,Raw_Data!$AG:$AG,"NHN",Raw_Data!$AH:$AH,"1월",Raw_Data!$AE:$AE,"게임매출")+SUMIFS(Raw_Data!$G:$G,Raw_Data!$AG:$AG,"Beijing Raymobile",Raw_Data!$AH:$AH,"1월",Raw_Data!$AE:$AE,"게임매출")))/1000000,0) -> 1383.3479 | D11: =IFERROR((SUMIFS(Raw_Data!$G:$G,Raw_Data!$AH:$AH,"2월",Raw_Data!$AE:$AE,"게임매출")-(SUMIFS(Raw_Data!$G:$G,Raw_Data!$AG:$AG,"애플",Raw_Data!$AH:$AH,"2월",Raw_Data!$AE:$AE,"게임매출")+SUMIFS(Raw_Data!$G:$G,Raw_Data!$AG:$AG,"구글",Raw_Data!$AH:$AH,"2월",Raw_Data!$AE:$AE,"게임매출")+SUMIFS(Raw_Data!$G:$G,Raw_Data!$AG:$AG,"원스토어",Raw_Data!$AH:$AH,"2월",Raw_Data!$AE:$AE,"게임매출")+SUMIFS(Raw_Data!$G:$G,Raw_Data!$AG:$AG,"Valve",Raw_Data!$AH:$AH,"2월",Raw_Data!$AE:$AE,"게임매출")+SUMIFS(Raw_Data!$G:$G,Raw_Data!$AG:$AG,"Huawei",Raw_Data!$AH:$AH,"2월",Raw_Data!$AE:$AE,"게임매출")+SUMIFS(Raw_Data!$G:$G,Raw_Data!$AG:$AG,"NHN",Raw_Data!$AH:$AH,"2월",Raw_Data!$AE:$AE,"게임매출")+SUMIFS(Raw_Data!$G:$G,Raw_Data!$AG:$AG,"Beijing Raymobile",Raw_Data!$AH:$AH,"2월",Raw_Data!$AE:$AE,"게임매출")))/1000000,0) -> 1337.669 | E11: =IFERROR((SUMIFS(Raw_Data!$G:$G,Raw_Data!$AH:$AH,"3월",Raw_Data!$AE:$AE,"게임매출")-(SUMIFS(Raw_Data!$G:$G,Raw_Data!$AG:$AG,"애플",Raw_Data!$AH:$AH,"3월",Raw_Data!$AE:$AE,"게임매출")+SUMIFS(Raw_Data!$G:$G,Raw_Data!$AG:$AG,"구글",Raw_Data!$AH:$AH,"3월",Raw_Data!$AE:$AE,"게임매출")+SUMIFS(Raw_Data!$G:$G,Raw_Data!$AG:$AG,"원스토어",Raw_Data!$AH:$AH,"3월",Raw_Data!$AE:$AE,"게임매출")+SUMIFS(Raw_Data!$G:$G,Raw_Data!$AG:$AG,"Valve",Raw_Data!$AH:$AH,"3월",Raw_Data!$AE:$AE,"게임매출")+SUMIFS(Raw_Data!$G:$G,Raw_Data!$AG:$AG,"Huawei",Raw_Data!$AH:$AH,"3월",Raw_Data!$AE:$AE,"게임매출")+SUMIFS(Raw_Data!$G:$G,Raw_Data!$AG:$AG,"NHN",Raw_Data!$AH:$AH,"3월",Raw_Data!$AE:$AE,"게임매출")+SUMIFS(Raw_Data!$G:$G,Raw_Data!$AG:$AG,"Beijing Raymobile",Raw_Data!$AH:$AH,"3월",Raw_Data!$AE:$AE,"게임매출")))/1000000,0) -> 41.182653 | F11: =IFERROR((SUMIFS(Raw_Data!$G:$G,Raw_Data!$AH:$AH,"4월",Raw_Data!$AE:$AE,"게임매출")-(SUMIFS(Raw_Data!$G:$G,Raw_Data!$AG:$AG,"애플",Raw_Data!$AH:$AH,"4월",Raw_Data!$AE:$AE,"게임매출")+SUMIFS(Raw_Data!$G:$G,Raw_Data!$AG:$AG,"구글",Raw_Data!$AH:$AH,"4월",Raw_Data!$AE:$AE,"게임매출")+SUMIFS(Raw_Data!$G:$G,Raw_Data!$AG:$AG,"원스토어",Raw_Data!$AH:$AH,"4월",Raw_Data!$AE:$AE,"게임매출")+SUMIFS(Raw_Data!$G:$G,Raw_Data!$AG:$AG,"Valve",Raw_Data!$AH:$AH,"4월",Raw_Data!$AE:$AE,"게임매출")+SUMIFS(Raw_Data!$G:$G,Raw_Data!$AG:$AG,"Huawei",Raw_Data!$AH:$AH,"4월",Raw_Data!$AE:$AE,"게임매출")+SUMIFS(Raw_Data!$G:$G,Raw_Data!$AG:$AG,"NHN",Raw_Data!$AH:$AH,"4월",Raw_Data!$AE:$AE,"게임매출")+SUMIFS(Raw_Data!$G:$G,Raw_Data!$AG:$AG,"Beijing Raymobile",Raw_Data!$AH:$AH,"4월",Raw_Data!$AE:$AE,"게임매출")))/1000000,0) -> 2262.3318
A12: 게임매출 | B12: 합계 | C12: =IFERROR(SUMIFS(Raw_Data!$G:$G,Raw_Data!$AH:$AH,"1월",Raw_Data!$AE:$AE,"게임매출")/1000000,0) -> 40147.081 | D12: =IFERROR(SUMIFS(Raw_Data!$G:$G,Raw_Data!$AH:$AH,"2월",Raw_Data!$AE:$AE,"게임매출")/1000000,0) -> 41445.886 | E12: =IFERROR(SUMIFS(Raw_Data!$G:$G,Raw_Data!$AH:$AH,"3월",Raw_Data!$AE:$AE,"게임매출")/1000000,0) -> 39379.252 | F12: =IFERROR(SUMIFS(Raw_Data!$G:$G,Raw_Data!$AH:$AH,"4월",Raw_Data!$AE:$AE,"게임매출")/1000000,0) -> 46965.107
A13: 기타수익 | B13: 합계 | C13: =IFERROR(SUMIFS(Raw_Data!$G:$G,Raw_Data!$AH:$AH,"1월",Raw_Data!$AE:$AE,"기타수익")/1000000,0) -> 131.13568 | D13: =IFERROR(SUMIFS(Raw_Data!$G:$G,Raw_Data!$AH:$AH,"2월",Raw_Data!$AE:$AE,"기타수익")/1000000,0) -> 111.10873 | E13: =IFERROR(SUMIFS(Raw_Data!$G:$G,Raw_Data!$AH:$AH,"3월",Raw_Data!$AE:$AE,"기타수익")/1000000,0) -> 392.67082 | F13: =IFERROR(SUMIFS(Raw_Data!$G:$G,Raw_Data!$AH:$AH,"4월",Raw_Data!$AE:$AE,"기타수익")/1000000,0) -> 307.08951
A14: 용역수익 | B14: 합계 | C14: =IFERROR(SUMIFS(Raw_Data!$G:$G,Raw_Data!$AH:$AH,"1월",Raw_Data!$AE:$AE,"용역수익")/1000000,0) -> 407.36392 | D14: =IFERROR(SUMIFS(Raw_Data!$G:$G,Raw_Data!$AH:$AH,"2월",Raw_Data!$AE:$AE,"용역수익")/1000000,0) -> 395.97834 | E14: =IFERROR(SUMIFS(Raw_Data!$G:$G,Raw_Data!$AH:$AH,"3월",Raw_Data!$AE:$AE,"용역수익")/1000000,0) -> 380.01259 | F14: =IFERROR(SUMIFS(Raw_Data!$G:$G,Raw_Data!$AH:$AH,"4월",Raw_Data!$AE:$AE,"용역수익")/1000000,0) -> 370.6743
A15: 합계 | B15: 총계 | C15: =C12+C13+C14 -> 40685.58 | D15: =D12+D13+D14 -> 41952.973 | E15: =E12+E13+E14 -> 40151.935 | F15: =F12+F13+F14 -> 47642.871

Sheet 1월
A1: 2026년 1월 매출현황 | D1: (단위: 원)
A3: ■ 게임매출
A4: 구분 | B4: 거래처명 | C4: 금액 | D4: 비고
A5: 모바일 | B5: Amazon | C5: =SUMIFS(Raw_Data!$G:$G,Raw_Data!$AG:$AG,"Amazon",Raw_Data!$AH:$AH,"1월",Raw_Data!$AE:$AE,"게임매출",Raw_Data!$AF:$AF,"모바일") -> 2109600
A6: 모바일 | B6: Beijing Raymobile | C6: =SUMIFS(Raw_Data!$G:$G,Raw_Data!$AG:$AG,"Beijing Raymobile",Raw_Data!$AH:$AH,"1월",Raw_Data!$AE:$AE,"게임매출",Raw_Data!$AF:$AF,"모바일") -> 772262657
A7: 모바일 | B7: Huawei | C7: =SUMIFS(Raw_Data!$G:$G,Raw_Data!$AG:$AG,"Huawei",Raw_Data!$AH:$AH,"1월",Raw_Data!$AE:$AE,"게임매출",Raw_Data!$AF:$AF,"모바일") -> 973263687
A8: 모바일 | B8: Red River | C8: =SUMIFS(Raw_Data!$G:$G,Raw_Data!$AG:$AG,"Red River",Raw_Data!$AH:$AH,"1월",Raw_Data!$AE:$AE,"게임매출",Raw_Data!$AF:$AF,"모바일") -> 61304768
A9: 모바일 | B9: Xsolla | C9: =SUMIFS(Raw_Data!$G:$G,Raw_Data!$AG:$AG,"Xsolla",Raw_Data!$AH:$AH,"1월",Raw_Data!$AE:$AE,"게임매출",Raw_Data!$AF:$AF,"모바일") -> 18235403
A10: 모바일 | B10: 구글 | C10: =SUMIFS(Raw_Data!$G:$G,Raw_Data!$AG:$AG,"구글",Raw_Data!$AH:$AH,"1월",Raw_Data!$AE:$AE,"게임매출",Raw_Data!$AF:$AF,"모바일") -> 13448647565
A11: 모바일 | B11: 밸로프 | C11: =SUMIFS(Raw_Data!$G:$G,Raw_Data!$AG:$AG,"밸로프",Raw_Data!$AH:$AH,"1월",Raw_Data!$AE:$AE,"게임매출",Raw_Data!$AF:$AF,"모바일") -> 1510368
A12: 모바일 | B12: 비바리퍼블리카 | C12: =SUMIFS(Raw_Data!$G:$G,Raw_Data!$AG:$AG,"비바리퍼블리카",Raw_Data!$AH:$AH,"1월",Raw_Data!$AE:$AE,"게임매출",Raw_Data!$AF:$AF,"모바일") -> 478182
A13: 모바일 | B13: 애플 | C13: =SUMIFS(Raw_Data!$G:$G,Raw_Data!$AG:$AG,"애플",Raw_Data!$AH:$AH,"1월",Raw_Data!$AE:$AE,"게임매출",Raw_Data!$AF:$AF,"모바일") -> 16546201961
A14: 모바일 | B14: 원스토어 | C14: =SUMIFS(Raw_Data!$G:$G,Raw_Data!$AG:$AG,"원스토어",Raw_Data!$AH:$AH,"1월",Raw_Data!$AE:$AE,"게임매출",Raw_Data!$AF:$AF,"모바일") -> 4431680760 | D14: ← 원스토어
A15: 모바일 | B15: 컴투스(수익이연) | C15: =SUMIFS(Raw_Data!$G:$G,Raw_Data!$AG:$AG,"컴투스(수익이연)",Raw_Data!$AH:$AH,"1월",Raw_Data!$AE:$AE,"게임매출",Raw_Data!$AF:$AF,"모바일") -> 0
A16: 모바일 | B16: 컴투스플랫폼 | C16: =SUMIFS(Raw_Data!$G:$G,Raw_Data!$AG:$AG,"컴투스플랫폼",Raw_Data!$AH:$AH,"1월",Raw_Data!$AE:$AE,"게임매출",Raw_Data!$AF:$AF,"모바일") -> 0
A17: 모바일 | B17: 컴투스홀딩스 | C17: =SUMIFS(Raw_Data!$G:$G,Raw_Data!$AG:$AG,"컴투스홀딩스",Raw_Data!$AH:$AH,"1월",Raw_Data!$AE:$AE,"게임매출",Raw_Data!$AF:$AF,"모바일") -> 35347414
A18: 온라인 | B18: NHN | C18: =SUMIFS(Raw_Data!$G:$G,Raw_Data!$AG:$AG,"NHN",Raw_Data!$AH:$AH,"1월",Raw_Data!$AE:$AE,"게임매출",Raw_Data!$AF:$AF,"온라인") -> 1176783913
A19: 온라인 | B19: Paypal | C19: =SUMIFS(Raw_Data!$G:$G,Raw_Data!$AG:$AG,"Paypal",Raw_Data!$AH:$AH,"1월",Raw_Data!$AE:$AE,"게임매출",Raw_Data!$AF:$AF,"온라인") -> 582427
A20: 온라인 | B20: SOFT-WORLD | C20: =SUMIFS(Raw_Data!$G:$G,Raw_Data!$AG:$AG,"SOFT-WORLD",Raw_Data!$AH:$AH,"1월",Raw_Data!$AE:$AE,"게임매출",Raw_Data!$AF:$AF,"온라인") -> 19795399 | D20: ← 스타시드 관련 (대만/HK 카드 매출)
A21: 온라인 | B21: Terminal3 | C21: =SUMIFS(Raw_Data!$G:$G,Raw_Data!$AG:$AG,"Terminal3",Raw_Data!$AH:$AH,"1월",Raw_Data!$AE:$AE,"게임매출",Raw_Data!$AF:$AF,"온라인") -> 9837996
A22: 온라인 | B22: Valve | C22: =SUMIFS(Raw_Data!$G:$G,Raw_Data!$AG:$AG,"Valve",Raw_Data!$AH:$AH,"1월",Raw_Data!$AE:$AE,"게임매출",Raw_Data!$AF:$AF,"온라인") -> 1414892374
A23: 온라인 | B23: 네이버파이낸셜 | C23: =SUMIFS(Raw_Data!$G:$G,Raw_Data!$AG:$AG,"네이버파이낸셜",Raw_Data!$AH:$AH,"1월",Raw_Data!$AE:$AE,"게임매출",Raw_Data!$AF:$AF,"온라인") -> 793948548
A24: 온라인 | B24: 토스페이먼츠 | C24: =SUMIFS(Raw_Data!$G:$G,Raw_Data!$AG:$AG,"토스페이먼츠",Raw_Data!$AH:$AH,"1월",Raw_Data!$AE:$AE,"게임매출",Raw_Data!$AF:$AF,"온라인") -> 219536364
A25: 광고 | B25: Admob | C25: =SUMIFS(Raw_Data!$G:$G,Raw_Data!$AG:$AG,"Admob",Raw_Data!$AH:$AH,"1월",Raw_Data!$AE:$AE,"게임매출",Raw_Data!$AF:$AF,"광고") -> 44
A26: 광고 | B26: Facebook | C26: =SUMIFS(Raw_Data!$G:$G,Raw_Data!$AG:$AG,"Facebook",Raw_Data!$AH:$AH,"1월",Raw_Data!$AE:$AE,"게임매출",Raw_Data!$AF:$AF,"광고") -> 15729274
A27: 광고 | B27: Line | C27: =SUMIFS(Raw_Data!$G:$G,Raw_Data!$AG:$AG,"Line",Raw_Data!$AH:$AH,"1월",Raw_Data!$AE:$AE,"게임매출",Raw_Data!$AF:$AF,"광고") -> 6795
A28: 광고 | B28: 넵튠 | C28: =SUMIFS(Raw_Data!$G:$G,Raw_Data!$AG:$AG,"넵튠",Raw_Data!$AH:$AH,"1월",Raw_Data!$AE:$AE,"게임매출",Raw_Data!$AF:$AF,"광고") -> 85697519 | D28: ← 러쉬 Xsolla 정산
A29: 광고 | B29: 원스토어(광고) | C29: =SUMIFS(Raw_Data!$G:$G,Raw_Data!$AG:$AG,"원스토어(광고)",Raw_Data!$AH:$AH,"1월",Raw_Data!$AE:$AE,"게임매출",Raw_Data!$AF:$AF,"광고") -> 117693060 | D29: ← 애드엑스플러스 사명 변경 (23.11)
A30: OOTP | B30: OOTP | C30: =SUMIFS(Raw_Data!$G:$G,Raw_Data!$AG:$AG,"OOTP",Raw_Data!$AH:$AH,"1월",Raw_Data!$AE:$AE,"게임매출",Raw_Data!$AF:$AF,"OOTP") -> 1534725 | D30: ← OOTP 관련(추정손익 파일상 기타매출로 분류)
A31: 모바일 소계 | C31: =SUM(C5:C17) -> 36291042365
A32: 온라인 소계 | C32: =SUM(C18:C24) -> 3635377021
A33: 광고 소계 | C33: =SUM(C25:C29) -> 219126692
A34: OOTP 소계 | C34: =SUM(C30:C30) -> 1534725
A35: 게임매출 합계 | C35: =C31+C32+C33+C34 -> 40147080803
A37: ■ 기타수익
A38: 구분 | B38: 거래처명 | C38: 금액 | D38: 비고
A39: 로열티수익 | B39: Moye Technology | C39: =SUMIFS(Raw_Data!$G:$G,Raw_Data!$AG:$AG,"Moye Technology",Raw_Data!$AH:$AH,"1월",Raw_Data!$AE:$AE,"기타수익",Raw_Data!$AF:$AF,"로열티수익") -> 0
A40: 로열티수익 | B40: OOTP(로열티) | C40: =SUMIFS(Raw_Data!$G:$G,Raw_Data!$AG:$AG,"OOTP(로열티)",Raw_Data!$AH:$AH,"1월",Raw_Data!$AE:$AE,"기타수익",Raw_Data!$AF:$AF,"로열티수익") -> 0
A41: 로열티수익 | B41: Skybound | C41: =SUMIFS(Raw_Data!$G:$G,Raw_Data!$AG:$AG,"Skybound",Raw_Data!$AH:$AH,"1월",Raw_Data!$AE:$AE,"기타수익",Raw_Data!$AF:$AF,"로열티수익") -> 0
A42: 로열티수익 | B42: 공게임즈 | C42: =SUMIFS(Raw_Data!$G:$G,Raw_Data!$AG:$AG,"공게임즈",Raw_Data!$AH:$AH,"1월",Raw_Data!$AE:$AE,"기타수익",Raw_Data!$AF:$AF,"로열티수익") -> 989829
A43: 로열티수익 | B43: 네오위즈스포츠 | C43: =SUMIFS(Raw_Data!$G:$G,Raw_Data!$AG:$AG,"네오위즈스포츠",Raw_Data!$AH:$AH,"1월",Raw_Data!$AE:$AE,"기타수익",Raw_Data!$AF:$AF,"로열티수익") -> 0
A44: 로열티수익 | B44: 밸로프(로열티) | C44: =SUMIFS(Raw_Data!$G:$G,Raw_Data!$AG:$AG,"밸로프(로열티)",Raw_Data!$AH:$AH,"1월",Raw_Data!$AE:$AE,"기타수익",Raw_Data!$AF:$AF,"로열티수익") -> 0
A45: 로열티수익 | B45: 에이스프로젝트 | C45: =SUMIFS(Raw_Data!$G:$G,Raw_Data!$AG:$AG,"에이스프로젝트",Raw_Data!$AH:$AH,"1월",Raw_Data!$AE:$AE,"기타수익",Raw_Data!$AF:$AF,"로열티수익") -> -80200
A46: 로열티수익 | B46: 위메이드 | C46: =SUMIFS(Raw_Data!$G:$G,Raw_Data!$AG:$AG,"위메이드",Raw_Data!$AH:$AH,"1월",Raw_Data!$AE:$AE,"기타수익",Raw_Data!$AF:$AF,"로열티수익") -> 0
A47: 로열티수익 | B47: 케나즈 | C47: =SUMIFS(Raw_Data!$G:$G,Raw_Data!$AG:$AG,"케나즈",Raw_Data!$AH:$AH,"1월",Raw_Data!$AE:$AE,"기타수익",Raw_Data!$AF:$AF,"로열티수익") -> 0
A48: 로열티수익 | B48: 해긴 | C48: =SUMIFS(Raw_Data!$G:$G,Raw_Data!$AG:$AG,"해긴",Raw_Data!$AH:$AH,"1월",Raw_Data!$AE:$AE,"기타수익",Raw_Data!$AF:$AF,"로열티수익") -> 0
A49: 기타 | B49: CJ올리브영 | C49: =SUMIFS(Raw_Data!$G:$G,Raw_Data!$AG:$AG,"CJ올리브영",Raw_Data!$AH:$AH,"1월",Raw_Data!$AE:$AE,"기타수익",Raw_Data!$AF:$AF,"기타") -> 0
A50: 기타 | B50: MetaMagnet | C50: =SUMIFS(Raw_Data!$G:$G,Raw_Data!$AG:$AG,"MetaMagnet",Raw_Data!$AH:$AH,"1월",Raw_Data!$AE:$AE,"기타수익",Raw_Data!$AF:$AF,"기타") -> 0
A51: 기타 | B51: OASYS | C51: =SUMIFS(Raw_Data!$G:$G,Raw_Data!$AG:$AG,"OASYS",Raw_Data!$AH:$AH,"1월",Raw_Data!$AE:$AE,"기타수익",Raw_Data!$AF:$AF,"기타") -> 0
A52: 기타 | B52: SBTM | C52: =SUMIFS(Raw_Data!$G:$G,Raw_Data!$AG:$AG,"SBTM",Raw_Data!$AH:$AH,"1월",Raw_Data!$AE:$AE,"기타수익",Raw_Data!$AF:$AF,"기타") -> 0
A53: 기타 | B53: 게임테일즈 | C53: =SUMIFS(Raw_Data!$G:$G,Raw_Data!$AG:$AG,"게임테일즈",Raw_Data!$AH:$AH,"1월",Raw_Data!$AE:$AE,"기타수익",Raw_Data!$AF:$AF,"기타") -> 0
A54: 기타 | B54: 넷마블(기타) | C54: =SUMIFS(Raw_Data!$G:$G,Raw_Data!$AG:$AG,"넷마블(기타)",Raw_Data!$AH:$AH,"1월",Raw_Data!$AE:$AE,"기타수익",Raw_Data!$AF:$AF,"기타") -> -367497
A55: 기타 | B55: 데이세븐(기타) | C55: =SUMIFS(Raw_Data!$G:$G,Raw_Data!$AG:$AG,"데이세븐(기타)",Raw_Data!$AH:$AH,"1월",Raw_Data!$AE:$AE,"기타수익",Raw_Data!$AF:$AF,"기타") -> 175000 | D55: ← 전대차 임대료
A56: 기타 | B56: 링티 | C56: =SUMIFS(Raw_Data!$G:$G,Raw_Data!$AG:$AG,"링티",Raw_Data!$AH:$AH,"1월",Raw_Data!$AE:$AE,"기타수익",Raw_Data!$AF:$AF,"기타") -> 0
A57: 기타 | B57: 비즈마켓 | C57: =SUMIFS(Raw_Data!$G:$G,Raw_Data!$AG:$AG,"비즈마켓",Raw_Data!$AH:$AH,"1월",Raw_Data!$AE:$AE,"기타수익",Raw_Data!$AF:$AF,"기타") -> 0
A58: 기타 | B58: 삼성화재 | C58: =SUMIFS(Raw_Data!$G:$G,Raw_Data!$AG:$AG,"삼성화재",Raw_Data!$AH:$AH,"1월",Raw_Data!$AE:$AE,"기타수익",Raw_Data!$AF:$AF,"기타") -> 0
A59: 기타 | B59: 에스비에스콘텐츠허브 | C59: =SUMIFS(Raw_Data!$G:$G,Raw_Data!$AG:$AG,"에스비에스콘텐츠허브",Raw_Data!$AH:$AH,"1월",Raw_Data!$AE:$AE,"기타수익",Raw_Data!$AF:$AF,"기타") -> 121442 | D59: ← 워너비챌린지 음원매출
A60: 기타 | B60: 오내피플 | C60: =SUMIFS(Raw_Data!$G:$G,Raw_Data!$AG:$AG,"오내피플",Raw_Data!$AH:$AH,"1월",Raw_Data!$AE:$AE,"기타수익",Raw_Data!$AF:$AF,"기타") -> 0
A61: 기타 | B61: 인케이코리아 | C61: =SUMIFS(Raw_Data!$G:$G,Raw_Data!$AG:$AG,"인케이코리아",Raw_Data!$AH:$AH,"1월",Raw_Data!$AE:$AE,"기타수익",Raw_Data!$AF:$AF,"기타") -> 0
A62: 기타 | B62: 카탈리스터(기타) | C62: =SUMIFS(Raw_Data!$G:$G,Raw_Data!$AG:$AG,"카탈리스터(기타)",Raw_Data!$AH:$AH,"1월",Raw_Data!$AE:$AE,"기타수익",Raw_Data!$AF:$AF,"기타") -> 967903 | D62: ← 4사 공용비용 분담금
A63: 기타 | B63: 컴투스로카(기타) | C63: =SUMIFS(Raw_Data!$G:$G,Raw_Data!$AG:$AG,"컴투스로카(기타)",Raw_Data!$AH:$AH,"1월",Raw_Data!$AE:$AE,"기타수익",Raw_Data!$AF:$AF,"기타") -> 0
A64: 기타 | B64: 컴투스플랫폼(기타) | C64: =SUMIFS(Raw_Data!$G:$G,Raw_Data!$AG:$AG,"컴투스플랫폼(기타)",Raw_Data!$AH:$AH,"1월",Raw_Data!$AE:$AE,"기타수익",Raw_Data!$AF:$AF,"기타") -> 45910758 | D64: ← 컴투스 상표 로열티, 4사 공용비용 분담금
A65: 기타 | B65: 컴투스홀딩스(기타) | C65: =SUMIFS(Raw_Data!$G:$G,Raw_Data!$AG:$AG,"컴투스홀딩스(기타)",Raw_Data!$AH:$AH,"1월",Raw_Data!$AE:$AE,"기타수익",Raw_Data!$AF:$AF,"기타") -> 49452909 | D65: ← 그룹사 홍보비용 정산
A66: 기타 | B66: 하이브로 | C66: =SUMIFS(Raw_Data!$G:$G,Raw_Data!$AG:$AG,"하이브로",Raw_Data!$AH:$AH,"1월",Raw_Data!$AE:$AE,"기타수익",Raw_Data!$AF:$AF,"기타") -> 33965536 | D66: ← 타이니팜/드래곤럼블 매출 정산
A67: 기타 | B67: 한국문화진흥 | C67: =SUMIFS(Raw_Data!$G:$G,Raw_Data!$AG:$AG,"한국문화진흥",Raw_Data!$AH:$AH,"1월",Raw_Data!$AE:$AE,"기타수익",Raw_Data!$AF:$AF,"기타") -> 0
A68: 기타수익 합계 | C68: =SUM(C39:C48,C49:C67) -> 131135680
A70: ■ 용역수익
A71: 구분 | B71: 거래처명 | C71: 금액 | D71: 비고
A72: 경영관리수익 | B72: Com2uS Europe | C72: =SUMIFS(Raw_Data!$G:$G,Raw_Data!$AG:$AG,"Com2uS Europe",Raw_Data!$AH:$AH,"1월",Raw_Data!$AE:$AE,"용역수익") -> 0
A73: 경영관리수익 | B73: Com2uS Japan | C73: =SUMIFS(Raw_Data!$G:$G,Raw_Data!$AG:$AG,"Com2uS Japan",Raw_Data!$AH:$AH,"1월",Raw_Data!$AE:$AE,"용역수익") -> 0
A74: 경영관리수익 | B74: Com2uS Taiwan | C74: =SUMIFS(Raw_Data!$G:$G,Raw_Data!$AG:$AG,"Com2uS Taiwan",Raw_Data!$AH:$AH,"1월",Raw_Data!$AE:$AE,"용역수익") -> 0
A75: 경영관리수익 | B75: Com2uS USA | C75: =SUMIFS(Raw_Data!$G:$G,Raw_Data!$AG:$AG,"Com2uS USA",Raw_Data!$AH:$AH,"1월",Raw_Data!$AE:$AE,"용역수익") -> 85428203
A76: 경영관리수익 | B76: MetaMagnet | C76: =SUMIFS(Raw_Data!$G:$G,Raw_Data!$AG:$AG,"MetaMagnet",Raw_Data!$AH:$AH,"1월",Raw_Data!$AE:$AE,"용역수익") -> 45988884 | D76: ← 블록체인 관련 업무위탁수익
A77: 경영관리수익 | B77: OASYS | C77: =SUMIFS(Raw_Data!$G:$G,Raw_Data!$AG:$AG,"OASYS",Raw_Data!$AH:$AH,"1월",Raw_Data!$AE:$AE,"용역수익") -> 48550328 | D77: ← 블록체인 관련 업무위탁수익
A78: 경영관리수익 | B78: OOTP(용역) | C78: =SUMIFS(Raw_Data!$G:$G,Raw_Data!$AG:$AG,"OOTP(용역)",Raw_Data!$AH:$AH,"1월",Raw_Data!$AE:$AE,"용역수익") -> 7068380 | D78: ← OOTP 지원 용역매출
A79: 경영관리수익 | B79: 데이세븐 | C79: =SUMIFS(Raw_Data!$G:$G,Raw_Data!$AG:$AG,"데이세븐",Raw_Data!$AH:$AH,"1월",Raw_Data!$AE:$AE,"용역수익") -> 25060025 | D79: ← 용역 및 전대차 임대료
A80: 경영관리수익 | B80: 카탈리스터 | C80: =SUMIFS(Raw_Data!$G:$G,Raw_Data!$AG:$AG,"카탈리스터",Raw_Data!$AH:$AH,"1월",Raw_Data!$AE:$AE,"용역수익") -> 56102
A81: 경영관리수익 | B81: 컴투스로카 | C81: =SUMIFS(Raw_Data!$G:$G,Raw_Data!$AG:$AG,"컴투스로카",Raw_Data!$AH:$AH,"1월",Raw_Data!$AE:$AE,"용역수익") -> 0
A82: 경영관리수익 | B82: 컴투스플랫폼 | C82: =SUMIFS(Raw_Data!$G:$G,Raw_Data!$AG:$AG,"컴투스플랫폼",Raw_Data!$AH:$AH,"1월",Raw_Data!$AE:$AE,"용역수익") -> 18442377
A83: 경영관리수익 | B83: 컴투스홀딩스 | C83: =SUMIFS(Raw_Data!$G:$G,Raw_Data!$AG:$AG,"컴투스홀딩스",Raw_Data!$AH:$AH,"1월",Raw_Data!$AE:$AE,"용역수익") -> 176769623 | D83: ← 라이브게임 용역료, 업무위탁용역비
A84: 경영관리수익 | B84: 티키타카스튜디오 | C84: =SUMIFS(Raw_Data!$G:$G,Raw_Data!$AG:$AG,"티키타카스튜디오",Raw_Data!$AH:$AH,"1월",Raw_Data!$AE:$AE,"용역수익") -> 0
A85: 용역수익 합계 | C85: =SUM(C72:C84) -> 407363922
A87: 총 합 계 | C87: =C35+C68+C85 -> 40685580405

Sheet 2월
A1: 2026년 2월 매출현황 | D1: (단위: 원)
A3: ■ 게임매출
A4: 구분 | B4: 거래처명 | C4: 금액 | D4: 비고
A5: 모바일 | B5: Amazon | C5: =SUMIFS(Raw_Data!$G:$G,Raw_Data!$AG:$AG,"Amazon",Raw_Data!$AH:$AH,"2월",Raw_Data!$AE:$AE,"게임매출",Raw_Data!$AF:$AF,"모바일") -> 28352245
A6: 모바일 | B6: Beijing Raymobile | C6: =SUMIFS(Raw_Data!$G:$G,Raw_Data!$AG:$AG,"Beijing Raymobile",Raw_Data!$AH:$AH,"2월",Raw_Data!$AE:$AE,"게임매출",Raw_Data!$AF:$AF,"모바일") -> 755333023
A7: 모바일 | B7: Huawei | C7: =SUMIFS(Raw_Data!$G:$G,Raw_Data!$AG:$AG,"Huawei",Raw_Data!$AH:$AH,"2월",Raw_Data!$AE:$AE,"게임매출",Raw_Data!$AF:$AF,"모바일") -> 979564244
A8: 모바일 | B8: Red River | C8: =SUMIFS(Raw_Data!$G:$G,Raw_Data!$AG:$AG,"Red River",Raw_Data!$AH:$AH,"2월",Raw_Data!$AE:$AE,"게임매출",Raw_Data!$AF:$AF,"모바일") -> 62213076
A9: 모바일 | B9: Xsolla | C9: =SUMIFS(Raw_Data!$G:$G,Raw_Data!$AG:$AG,"Xsolla",Raw_Data!$AH:$AH,"2월",Raw_Data!$AE:$AE,"게임매출",Raw_Data!$AF:$AF,"모바일") -> 18196314
A10: 모바일 | B10: 구글 | C10: =SUMIFS(Raw_Data!$G:$G,Raw_Data!$AG:$AG,"구글",Raw_Data!$AH:$AH,"2월",Raw_Data!$AE:$AE,"게임매출",Raw_Data!$AF:$AF,"모바일") -> 14419718224
A11: 모바일 | B11: 밸로프 | C11: =SUMIFS(Raw_Data!$G:$G,Raw_Data!$AG:$AG,"밸로프",Raw_Data!$AH:$AH,"2월",Raw_Data!$AE:$AE,"게임매출",Raw_Data!$AF:$AF,"모바일") -> 31623075
A12: 모바일 | B12: 비바리퍼블리카 | C12: =SUMIFS(Raw_Data!$G:$G,Raw_Data!$AG:$AG,"비바리퍼블리카",Raw_Data!$AH:$AH,"2월",Raw_Data!$AE:$AE,"게임매출",Raw_Data!$AF:$AF,"모바일") -> 225000
A13: 모바일 | B13: 애플 | C13: =SUMIFS(Raw_Data!$G:$G,Raw_Data!$AG:$AG,"애플",Raw_Data!$AH:$AH,"2월",Raw_Data!$AE:$AE,"게임매출",Raw_Data!$AF:$AF,"모바일") -> 17056774480
A14: 모바일 | B14: 원스토어 | C14: =SUMIFS(Raw_Data!$G:$G,Raw_Data!$AG:$AG,"원스토어",Raw_Data!$AH:$AH,"2월",Raw_Data!$AE:$AE,"게임매출",Raw_Data!$AF:$AF,"모바일") -> 4397698340 | D14: ← 원스토어
A15: 모바일 | B15: 컴투스(수익이연) | C15: =SUMIFS(Raw_Data!$G:$G,Raw_Data!$AG:$AG,"컴투스(수익이연)",Raw_Data!$AH:$AH,"2월",Raw_Data!$AE:$AE,"게임매출",Raw_Data!$AF:$AF,"모바일") -> 0
A16: 모바일 | B16: 컴투스플랫폼 | C16: =SUMIFS(Raw_Data!$G:$G,Raw_Data!$AG:$AG,"컴투스플랫폼",Raw_Data!$AH:$AH,"2월",Raw_Data!$AE:$AE,"게임매출",Raw_Data!$AF:$AF,"모바일") -> 0
A17: 모바일 | B17: 컴투스홀딩스 | C17: =SUMIFS(Raw_Data!$G:$G,Raw_Data!$AG:$AG,"컴투스홀딩스",Raw_Data!$AH:$AH,"2월",Raw_Data!$AE:$AE,"게임매출",Raw_Data!$AF:$AF,"모바일") -> 29677546
A18: 온라인 | B18: NHN | C18: =SUMIFS(Raw_Data!$G:$G,Raw_Data!$AG:$AG,"NHN",Raw_Data!$AH:$AH,"2월",Raw_Data!$AE:$AE,"게임매출",Raw_Data!$AF:$AF,"온라인") -> 1064221823
A19: 온라인 | B19: Paypal | C19: =SUMIFS(Raw_Data!$G:$G,Raw_Data!$AG:$AG,"Paypal",Raw_Data!$AH:$AH,"2월",Raw_Data!$AE:$AE,"게임매출",Raw_Data!$AF:$AF,"온라인") -> 534735
A20: 온라인 | B20: SOFT-WORLD | C20: =SUMIFS(Raw_Data!$G:$G,Raw_Data!$AG:$AG,"SOFT-WORLD",Raw_Data!$AH:$AH,"2월",Raw_Data!$AE:$AE,"게임매출",Raw_Data!$AF:$AF,"온라인") -> 0
A21: 온라인 | B21: Terminal3 | C21: =SUMIFS(Raw_Data!$G:$G,Raw_Data!$AG:$AG,"Terminal3",Raw_Data!$AH:$AH,"2월",Raw_Data!$AE:$AE,"게임매출",Raw_Data!$AF:$AF,"온라인") -> 13859338
A22: 온라인 | B22: Valve | C22: =SUMIFS(Raw_Data!$G:$G,Raw_Data!$AG:$AG,"Valve",Raw_Data!$AH:$AH,"2월",Raw_Data!$AE:$AE,"게임매출",Raw_Data!$AF:$AF,"온라인") -> 1434907028
A23: 온라인 | B23: 네이버파이낸셜 | C23: =SUMIFS(Raw_Data!$G:$G,Raw_Data!$AG:$AG,"네이버파이낸셜",Raw_Data!$AH:$AH,"2월",Raw_Data!$AE:$AE,"게임매출",Raw_Data!$AF:$AF,"온라인") -> 757668092
A24: 온라인 | B24: 토스페이먼츠 | C24: =SUMIFS(Raw_Data!$G:$G,Raw_Data!$AG:$AG,"토스페이먼츠",Raw_Data!$AH:$AH,"2월",Raw_Data!$AE:$AE,"게임매출",Raw_Data!$AF:$AF,"온라인") -> 183753182
A25: 광고 | B25: Admob | C25: =SUMIFS(Raw_Data!$G:$G,Raw_Data!$AG:$AG,"Admob",Raw_Data!$AH:$AH,"2월",Raw_Data!$AE:$AE,"게임매출",Raw_Data!$AF:$AF,"광고") -> 0
A26: 광고 | B26: Facebook | C26: =SUMIFS(Raw_Data!$G:$G,Raw_Data!$AG:$AG,"Facebook",Raw_Data!$AH:$AH,"2월",Raw_Data!$AE:$AE,"게임매출",Raw_Data!$AF:$AF,"광고") -> 17306910
A27: 광고 | B27: Line | C27: =SUMIFS(Raw_Data!$G:$G,Raw_Data!$AG:$AG,"Line",Raw_Data!$AH:$AH,"2월",Raw_Data!$AE:$AE,"게임매출",Raw_Data!$AF:$AF,"광고") -> 2751
A28: 광고 | B28: 넵튠 | C28: =SUMIFS(Raw_Data!$G:$G,Raw_Data!$AG:$AG,"넵튠",Raw_Data!$AH:$AH,"2월",Raw_Data!$AE:$AE,"게임매출",Raw_Data!$AF:$AF,"광고") -> 71388096 | D28: ← 러쉬 Xsolla 정산
A29: 광고 | B29: 원스토어(광고) | C29: =SUMIFS(Raw_Data!$G:$G,Raw_Data!$AG:$AG,"원스토어(광고)",Raw_Data!$AH:$AH,"2월",Raw_Data!$AE:$AE,"게임매출",Raw_Data!$AF:$AF,"광고") -> 122140711 | D29: ← 애드엑스플러스 사명 변경 (23.11)
A30: OOTP | B30: OOTP | C30: =SUMIFS(Raw_Data!$G:$G,Raw_Data!$AG:$AG,"OOTP",Raw_Data!$AH:$AH,"2월",Raw_Data!$AE:$AE,"게임매출",Raw_Data!$AF:$AF,"OOTP") -> 727921 | D30: ← OOTP 관련(추정손익 파일상 기타매출로 분류)
A31: 모바일 소계 | C31: =SUM(C5:C17) -> 37779375567
A32: 온라인 소계 | C32: =SUM(C18:C24) -> 3454944198
A33: 광고 소계 | C33: =SUM(C25:C29) -> 210838468
A34: OOTP 소계 | C34: =SUM(C30:C30) -> 727921
A35: 게임매출 합계 | C35: =C31+C32+C33+C34 -> 41445886154
A37: ■ 기타수익
A38: 구분 | B38: 거래처명 | C38: 금액 | D38: 비고
A39: 로열티수익 | B39: Moye Technology | C39: =SUMIFS(Raw_Data!$G:$G,Raw_Data!$AG:$AG,"Moye Technology",Raw_Data!$AH:$AH,"2월",Raw_Data!$AE:$AE,"기타수익",Raw_Data!$AF:$AF,"로열티수익") -> 0
A40: 로열티수익 | B40: OOTP(로열티) | C40: =SUMIFS(Raw_Data!$G:$G,Raw_Data!$AG:$AG,"OOTP(로열티)",Raw_Data!$AH:$AH,"2월",Raw_Data!$AE:$AE,"기타수익",Raw_Data!$AF:$AF,"로열티수익") -> 0
A41: 로열티수익 | B41: Skybound | C41: =SUMIFS(Raw_Data!$G:$G,Raw_Data!$AG:$AG,"Skybound",Raw_Data!$AH:$AH,"2월",Raw_Data!$AE:$AE,"기타수익",Raw_Data!$AF:$AF,"로열티수익") -> 0
A42: 로열티수익 | B42: 공게임즈 | C42: =SUMIFS(Raw_Data!$G:$G,Raw_Data!$AG:$AG,"공게임즈",Raw_Data!$AH:$AH,"2월",Raw_Data!$AE:$AE,"기타수익",Raw_Data!$AF:$AF,"로열티수익") -> 0
A43: 로열티수익 | B43: 네오위즈스포츠 | C43: =SUMIFS(Raw_Data!$G:$G,Raw_Data!$AG:$AG,"네오위즈스포츠",Raw_Data!$AH:$AH,"2월",Raw_Data!$AE:$AE,"기타수익",Raw_Data!$AF:$AF,"로열티수익") -> 0
A44: 로열티수익 | B44: 밸로프(로열티) | C44: =SUMIFS(Raw_Data!$G:$G,Raw_Data!$AG:$AG,"밸로프(로열티)",Raw_Data!$AH:$AH,"2월",Raw_Data!$AE:$AE,"기타수익",Raw_Data!$AF:$AF,"로열티수익") -> 0
A45: 로열티수익 | B45: 에이스프로젝트 | C45: =SUMIFS(Raw_Data!$G:$G,Raw_Data!$AG:$AG,"에이스프로젝트",Raw_Data!$AH:$AH,"2월",Raw_Data!$AE:$AE,"기타수익",Raw_Data!$AF:$AF,"로열티수익") -> 0
A46: 로열티수익 | B46: 위메이드 | C46: =SUMIFS(Raw_Data!$G:$G,Raw_Data!$AG:$AG,"위메이드",Raw_Data!$AH:$AH,"2월",Raw_Data!$AE:$AE,"기타수익",Raw_Data!$AF:$AF,"로열티수익") -> 0
A47: 로열티수익 | B47: 케나즈 | C47: =SUMIFS(Raw_Data!$G:$G,Raw_Data!$AG:$AG,"케나즈",Raw_Data!$AH:$AH,"2월",Raw_Data!$AE:$AE,"기타수익",Raw_Data!$AF:$AF,"로열티수익") -> 31189 | D47: ← 서머너즈워 IP 활용 웹툰 정산금
A48: 로열티수익 | B48: 해긴 | C48: =SUMIFS(Raw_Data!$G:$G,Raw_Data!$AG:$AG,"해긴",Raw_Data!$AH:$AH,"2월",Raw_Data!$AE:$AE,"기타수익",Raw_Data!$AF:$AF,"로열티수익") -> 0
A49: 기타 | B49: CJ올리브영 | C49: =SUMIFS(Raw_Data!$G:$G,Raw_Data!$AG:$AG,"CJ올리브영",Raw_Data!$AH:$AH,"2월",Raw_Data!$AE:$AE,"기타수익",Raw_Data!$AF:$AF,"기타") -> 0
A50: 기타 | B50: MetaMagnet | C50: =SUMIFS(Raw_Data!$G:$G,Raw_Data!$AG:$AG,"MetaMagnet",Raw_Data!$AH:$AH,"2월",Raw_Data!$AE:$AE,"기타수익",Raw_Data!$AF:$AF,"기타") -> 0
A51: 기타 | B51: OASYS | C51: =SUMIFS(Raw_Data!$G:$G,Raw_Data!$AG:$AG,"OASYS",Raw_Data!$AH:$AH,"2월",Raw_Data!$AE:$AE,"기타수익",Raw_Data!$AF:$AF,"기타") -> 0
A52: 기타 | B52: SBTM | C52: =SUMIFS(Raw_Data!$G:$G,Raw_Data!$AG:$AG,"SBTM",Raw_Data!$AH:$AH,"2월",Raw_Data!$AE:$AE,"기타수익",Raw_Data!$AF:$AF,"기타") -> 0
A53: 기타 | B53: 게임테일즈 | C53: =SUMIFS(Raw_Data!$G:$G,Raw_Data!$AG:$AG,"게임테일즈",Raw_Data!$AH:$AH,"2월",Raw_Data!$AE:$AE,"기타수익",Raw_Data!$AF:$AF,"기타") -> 9618919 | D53: ← 게임테일즈 운영시스템 양도/IP 사용료
A54: 기타 | B54: 넷마블(기타) | C54: =SUMIFS(Raw_Data!$G:$G,Raw_Data!$AG:$AG,"넷마블(기타)",Raw_Data!$AH:$AH,"2월",Raw_Data!$AE:$AE,"기타수익",Raw_Data!$AF:$AF,"기타") -> 0
A55: 기타 | B55: 데이세븐(기타) | C55: =SUMIFS(Raw_Data!$G:$G,Raw_Data!$AG:$AG,"데이세븐(기타)",Raw_Data!$AH:$AH,"2월",Raw_Data!$AE:$AE,"기타수익",Raw_Data!$AF:$AF,"기타") -> 175000 | D55: ← 전대차 임대료
A56: 기타 | B56: 링티 | C56: =SUMIFS(Raw_Data!$G:$G,Raw_Data!$AG:$AG,"링티",Raw_Data!$AH:$AH,"2월",Raw_Data!$AE:$AE,"기타수익",Raw_Data!$AF:$AF,"기타") -> 0
A57: 기타 | B57: 비즈마켓 | C57: =SUMIFS(Raw_Data!$G:$G,Raw_Data!$AG:$AG,"비즈마켓",Raw_Data!$AH:$AH,"2월",Raw_Data!$AE:$AE,"기타수익",Raw_Data!$AF:$AF,"기타") -> 0
A58: 기타 | B58: 삼성화재 | C58: =SUMIFS(Raw_Data!$G:$G,Raw_Data!$AG:$AG,"삼성화재",Raw_Data!$AH:$AH,"2월",Raw_Data!$AE:$AE,"기타수익",Raw_Data!$AF:$AF,"기타") -> 0
A59: 기타 | B59: 에스비에스콘텐츠허브 | C59: =SUMIFS(Raw_Data!$G:$G,Raw_Data!$AG:$AG,"에스비에스콘텐츠허브",Raw_Data!$AH:$AH,"2월",Raw_Data!$AE:$AE,"기타수익",Raw_Data!$AF:$AF,"기타") -> 117215 | D59: ← 워너비챌린지 음원매출
A60: 기타 | B60: 오내피플 | C60: =SUMIFS(Raw_Data!$G:$G,Raw_Data!$AG:$AG,"오내피플",Raw_Data!$AH:$AH,"2월",Raw_Data!$AE:$AE,"기타수익",Raw_Data!$AF:$AF,"기타") -> 0
A61: 기타 | B61: 인케이코리아 | C61: =SUMIFS(Raw_Data!$G:$G,Raw_Data!$AG:$AG,"인케이코리아",Raw_Data!$AH:$AH,"2월",Raw_Data!$AE:$AE,"기타수익",Raw_Data!$AF:$AF,"기타") -> 0
A62: 기타 | B62: 카탈리스터(기타) | C62: =SUMIFS(Raw_Data!$G:$G,Raw_Data!$AG:$AG,"카탈리스터(기타)",Raw_Data!$AH:$AH,"2월",Raw_Data!$AE:$AE,"기타수익",Raw_Data!$AF:$AF,"기타") -> 967903 | D62: ← 4사 공용비용 분담금
A63: 기타 | B63: 컴투스로카(기타) | C63: =SUMIFS(Raw_Data!$G:$G,Raw_Data!$AG:$AG,"컴투스로카(기타)",Raw_Data!$AH:$AH,"2월",Raw_Data!$AE:$AE,"기타수익",Raw_Data!$AF:$AF,"기타") -> 0
A64: 기타 | B64: 컴투스플랫폼(기타) | C64: =SUMIFS(Raw_Data!$G:$G,Raw_Data!$AG:$AG,"컴투스플랫폼(기타)",Raw_Data!$AH:$AH,"2월",Raw_Data!$AE:$AE,"기타수익",Raw_Data!$AF:$AF,"기타") -> 39906956 | D64: ← 컴투스 상표 로열티, 4사 공용비용 분담금
A65: 기타 | B65: 컴투스홀딩스(기타) | C65: =SUMIFS(Raw_Data!$G:$G,Raw_Data!$AG:$AG,"컴투스홀딩스(기타)",Raw_Data!$AH:$AH,"2월",Raw_Data!$AE:$AE,"기타수익",Raw_Data!$AF:$AF,"기타") -> 38329831 | D65: ← 그룹사 홍보비용 정산
A66: 기타 | B66: 하이브로 | C66: =SUMIFS(Raw_Data!$G:$G,Raw_Data!$AG:$AG,"하이브로",Raw_Data!$AH:$AH,"2월",Raw_Data!$AE:$AE,"기타수익",Raw_Data!$AF:$AF,"기타") -> 21961713 | D66: ← 타이니팜/드래곤럼블 매출 정산
A67: 기타 | B67: 한국문화진흥 | C67: =SUMIFS(Raw_Data!$G:$G,Raw_Data!$AG:$AG,"한국문화진흥",Raw_Data!$AH:$AH,"2월",Raw_Data!$AE:$AE,"기타수익",Raw_Data!$AF:$AF,"기타") -> 0
A68: 기타수익 합계 | C68: =SUM(C39:C48,C49:C67) -> 111108726
A70: ■ 용역수익
A71: 구분 | B71: 거래처명 | C71: 금액 | D71: 비고
A72: 경영관리수익 | B72: Com2uS Europe | C72: =SUMIFS(Raw_Data!$G:$G,Raw_Data!$AG:$AG,"Com2uS Europe",Raw_Data!$AH:$AH,"2월",Raw_Data!$AE:$AE,"용역수익") -> 0
A73: 경영관리수익 | B73: Com2uS Japan | C73: =SUMIFS(Raw_Data!$G:$G,Raw_Data!$AG:$AG,"Com2uS Japan",Raw_Data!$AH:$AH,"2월",Raw_Data!$AE:$AE,"용역수익") -> 0
A74: 경영관리수익 | B74: Com2uS Taiwan | C74: =SUMIFS(Raw_Data!$G:$G,Raw_Data!$AG:$AG,"Com2uS Taiwan",Raw_Data!$AH:$AH,"2월",Raw_Data!$AE:$AE,"용역수익") -> 0
A75: 경영관리수익 | B75: Com2uS USA | C75: =SUMIFS(Raw_Data!$G:$G,Raw_Data!$AG:$AG,"Com2uS USA",Raw_Data!$AH:$AH,"2월",Raw_Data!$AE:$AE,"용역수익") -> 66233674
A76: 경영관리수익 | B76: MetaMagnet | C76: =SUMIFS(Raw_Data!$G:$G,Raw_Data!$AG:$AG,"MetaMagnet",Raw_Data!$AH:$AH,"2월",Raw_Data!$AE:$AE,"용역수익") -> 44908789 | D76: ← 블록체인 관련 업무위탁수익
A77: 경영관리수익 | B77: OASYS | C77: =SUMIFS(Raw_Data!$G:$G,Raw_Data!$AG:$AG,"OASYS",Raw_Data!$AH:$AH,"2월",Raw_Data!$AE:$AE,"용역수익") -> 49977328 | D77: ← 블록체인 관련 업무위탁수익
A78: 경영관리수익 | B78: OOTP(용역) | C78: =SUMIFS(Raw_Data!$G:$G,Raw_Data!$AG:$AG,"OOTP(용역)",Raw_Data!$AH:$AH,"2월",Raw_Data!$AE:$AE,"용역수익") -> 2387716 | D78: ← OOTP 지원 용역매출
A79: 경영관리수익 | B79: 데이세븐 | C79: =SUMIFS(Raw_Data!$G:$G,Raw_Data!$AG:$AG,"데이세븐",Raw_Data!$AH:$AH,"2월",Raw_Data!$AE:$AE,"용역수익") -> 500000 | D79: ← 용역 및 전대차 임대료
A80: 경영관리수익 | B80: 카탈리스터 | C80: =SUMIFS(Raw_Data!$G:$G,Raw_Data!$AG:$AG,"카탈리스터",Raw_Data!$AH:$AH,"2월",Raw_Data!$AE:$AE,"용역수익") -> 38446
A81: 경영관리수익 | B81: 컴투스로카 | C81: =SUMIFS(Raw_Data!$G:$G,Raw_Data!$AG:$AG,"컴투스로카",Raw_Data!$AH:$AH,"2월",Raw_Data!$AE:$AE,"용역수익") -> 0
A82: 경영관리수익 | B82: 컴투스플랫폼 | C82: =SUMIFS(Raw_Data!$G:$G,Raw_Data!$AG:$AG,"컴투스플랫폼",Raw_Data!$AH:$AH,"2월",Raw_Data!$AE:$AE,"용역수익") -> 9242271
A83: 경영관리수익 | B83: 컴투스홀딩스 | C83: =SUMIFS(Raw_Data!$G:$G,Raw_Data!$AG:$AG,"컴투스홀딩스",Raw_Data!$AH:$AH,"2월",Raw_Data!$AE:$AE,"용역수익") -> 222690116 | D83: ← 라이브게임 용역료, 업무위탁용역비
A84: 경영관리수익 | B84: 티키타카스튜디오 | C84: =SUMIFS(Raw_Data!$G:$G,Raw_Data!$AG:$AG,"티키타카스튜디오",Raw_Data!$AH:$AH,"2월",Raw_Data!$AE:$AE,"용역수익") -> 0
A85: 용역수익 합계 | C85: =SUM(C72:C84) -> 395978340
A87: 총 합 계 | C87: =C35+C68+C85 -> 41952973220

Sheet 3월
A1: 2026년 3월 매출현황 | D1: (단위: 원)
A3: ■ 게임매출
A4: 구분 | B4: 거래처명 | C4: 금액 | D4: 비고
A5: 모바일 | B5: Amazon | C5: =SUMIFS(Raw_Data!$G:$G,Raw_Data!$AG:$AG,"Amazon",Raw_Data!$AH:$AH,"3월",Raw_Data!$AE:$AE,"게임매출",Raw_Data!$AF:$AF,"모바일") -> 24332100
A6: 모바일 | B6: Beijing Raymobile | C6: =SUMIFS(Raw_Data!$G:$G,Raw_Data!$AG:$AG,"Beijing Raymobile",Raw_Data!$AH:$AH,"3월",Raw_Data!$AE:$AE,"게임매출",Raw_Data!$AF:$AF,"모바일") -> 514300513
A7: 모바일 | B7: Huawei | C7: =SUMIFS(Raw_Data!$G:$G,Raw_Data!$AG:$AG,"Huawei",Raw_Data!$AH:$AH,"3월",Raw_Data!$AE:$AE,"게임매출",Raw_Data!$AF:$AF,"모바일") -> 892934056
A8: 모바일 | B8: Red River | C8: =SUMIFS(Raw_Data!$G:$G,Raw_Data!$AG:$AG,"Red River",Raw_Data!$AH:$AH,"3월",Raw_Data!$AE:$AE,"게임매출",Raw_Data!$AF:$AF,"모바일") -> 86513528
A9: 모바일 | B9: Xsolla | C9: =SUMIFS(Raw_Data!$G:$G,Raw_Data!$AG:$AG,"Xsolla",Raw_Data!$AH:$AH,"3월",Raw_Data!$AE:$AE,"게임매출",Raw_Data!$AF:$AF,"모바일") -> 227048611
A10: 모바일 | B10: 구글 | C10: =SUMIFS(Raw_Data!$G:$G,Raw_Data!$AG:$AG,"구글",Raw_Data!$AH:$AH,"3월",Raw_Data!$AE:$AE,"게임매출",Raw_Data!$AF:$AF,"모바일") -> 13732600499
A11: 모바일 | B11: 밸로프 | C11: =SUMIFS(Raw_Data!$G:$G,Raw_Data!$AG:$AG,"밸로프",Raw_Data!$AH:$AH,"3월",Raw_Data!$AE:$AE,"게임매출",Raw_Data!$AF:$AF,"모바일") -> 1308148
A12: 모바일 | B12: 비바리퍼블리카 | C12: =SUMIFS(Raw_Data!$G:$G,Raw_Data!$AG:$AG,"비바리퍼블리카",Raw_Data!$AH:$AH,"3월",Raw_Data!$AE:$AE,"게임매출",Raw_Data!$AF:$AF,"모바일") -> 56728
A13: 모바일 | B13: 애플 | C13: =SUMIFS(Raw_Data!$G:$G,Raw_Data!$AG:$AG,"애플",Raw_Data!$AH:$AH,"3월",Raw_Data!$AE:$AE,"게임매출",Raw_Data!$AF:$AF,"모바일") -> 17717311450
A14: 모바일 | B14: 원스토어 | C14: =SUMIFS(Raw_Data!$G:$G,Raw_Data!$AG:$AG,"원스토어",Raw_Data!$AH:$AH,"3월",Raw_Data!$AE:$AE,"게임매출",Raw_Data!$AF:$AF,"모바일") -> 4309061787 | D14: ← 원스토어
A15: 모바일 | B15: 컴투스(수익이연) | C15: =SUMIFS(Raw_Data!$G:$G,Raw_Data!$AG:$AG,"컴투스(수익이연)",Raw_Data!$AH:$AH,"3월",Raw_Data!$AE:$AE,"게임매출",Raw_Data!$AF:$AF,"모바일") -> -2120629176 | D15: ← K-IFRS 수익이연
A16: 모바일 | B16: 컴투스플랫폼 | C16: =SUMIFS(Raw_Data!$G:$G,Raw_Data!$AG:$AG,"컴투스플랫폼",Raw_Data!$AH:$AH,"3월",Raw_Data!$AE:$AE,"게임매출",Raw_Data!$AF:$AF,"모바일") -> 0
A17: 모바일 | B17: 컴투스홀딩스 | C17: =SUMIFS(Raw_Data!$G:$G,Raw_Data!$AG:$AG,"컴투스홀딩스",Raw_Data!$AH:$AH,"3월",Raw_Data!$AE:$AE,"게임매출",Raw_Data!$AF:$AF,"모바일") -> 19862221
A18: 온라인 | B18: NHN | C18: =SUMIFS(Raw_Data!$G:$G,Raw_Data!$AG:$AG,"NHN",Raw_Data!$AH:$AH,"3월",Raw_Data!$AE:$AE,"게임매출",Raw_Data!$AF:$AF,"온라인") -> 941888821
A19: 온라인 | B19: Paypal | C19: =SUMIFS(Raw_Data!$G:$G,Raw_Data!$AG:$AG,"Paypal",Raw_Data!$AH:$AH,"3월",Raw_Data!$AE:$AE,"게임매출",Raw_Data!$AF:$AF,"온라인") -> 30514809
A20: 온라인 | B20: SOFT-WORLD | C20: =SUMIFS(Raw_Data!$G:$G,Raw_Data!$AG:$AG,"SOFT-WORLD",Raw_Data!$AH:$AH,"3월",Raw_Data!$AE:$AE,"게임매출",Raw_Data!$AF:$AF,"온라인") -> 496335782 | D20: ← 스타시드 관련 (대만/HK 카드 매출)
A21: 온라인 | B21: Terminal3 | C21: =SUMIFS(Raw_Data!$G:$G,Raw_Data!$AG:$AG,"Terminal3",Raw_Data!$AH:$AH,"3월",Raw_Data!$AE:$AE,"게임매출",Raw_Data!$AF:$AF,"온라인") -> 61819697
A22: 온라인 | B22: Valve | C22: =SUMIFS(Raw_Data!$G:$G,Raw_Data!$AG:$AG,"Valve",Raw_Data!$AH:$AH,"3월",Raw_Data!$AE:$AE,"게임매출",Raw_Data!$AF:$AF,"온라인") -> 1229971944
A23: 온라인 | B23: 네이버파이낸셜 | C23: =SUMIFS(Raw_Data!$G:$G,Raw_Data!$AG:$AG,"네이버파이낸셜",Raw_Data!$AH:$AH,"3월",Raw_Data!$AE:$AE,"게임매출",Raw_Data!$AF:$AF,"온라인") -> 794956638
A24: 온라인 | B24: 토스페이먼츠 | C24: =SUMIFS(Raw_Data!$G:$G,Raw_Data!$AG:$AG,"토스페이먼츠",Raw_Data!$AH:$AH,"3월",Raw_Data!$AE:$AE,"게임매출",Raw_Data!$AF:$AF,"온라인") -> 112311727
A25: 광고 | B25: Admob | C25: =SUMIFS(Raw_Data!$G:$G,Raw_Data!$AG:$AG,"Admob",Raw_Data!$AH:$AH,"3월",Raw_Data!$AE:$AE,"게임매출",Raw_Data!$AF:$AF,"광고") -> 59
A26: 광고 | B26: Facebook | C26: =SUMIFS(Raw_Data!$G:$G,Raw_Data!$AG:$AG,"Facebook",Raw_Data!$AH:$AH,"3월",Raw_Data!$AE:$AE,"게임매출",Raw_Data!$AF:$AF,"광고") -> 20082886
A27: 광고 | B27: Line | C27: =SUMIFS(Raw_Data!$G:$G,Raw_Data!$AG:$AG,"Line",Raw_Data!$AH:$AH,"3월",Raw_Data!$AE:$AE,"게임매출",Raw_Data!$AF:$AF,"광고") -> 1218
A28: 광고 | B28: 넵튠 | C28: =SUMIFS(Raw_Data!$G:$G,Raw_Data!$AG:$AG,"넵튠",Raw_Data!$AH:$AH,"3월",Raw_Data!$AE:$AE,"게임매출",Raw_Data!$AF:$AF,"광고") -> 93064277 | D28: ← 러쉬 Xsolla 정산
A29: 광고 | B29: 원스토어(광고) | C29: =SUMIFS(Raw_Data!$G:$G,Raw_Data!$AG:$AG,"원스토어(광고)",Raw_Data!$AH:$AH,"3월",Raw_Data!$AE:$AE,"게임매출",Raw_Data!$AF:$AF,"광고") -> 187105772 | D29: ← 애드엑스플러스 사명 변경 (23.11)
A30: OOTP | B30: OOTP | C30: =SUMIFS(Raw_Data!$G:$G,Raw_Data!$AG:$AG,"OOTP",Raw_Data!$AH:$AH,"3월",Raw_Data!$AE:$AE,"게임매출",Raw_Data!$AF:$AF,"OOTP") -> 6497628 | D30: ← OOTP 관련(추정손익 파일상 기타매출로 분류)
A31: 모바일 소계 | C31: =SUM(C5:C17) -> 35404700465
A32: 온라인 소계 | C32: =SUM(C18:C24) -> 3667799418
A33: 광고 소계 | C33: =SUM(C25:C29) -> 300254212
A34: OOTP 소계 | C34: =SUM(C30:C30) -> 6497628
A35: 게임매출 합계 | C35: =C31+C32+C33+C34 -> 39379251723
A37: ■ 기타수익
A38: 구분 | B38: 거래처명 | C38: 금액 | D38: 비고
A39: 로열티수익 | B39: Moye Technology | C39: =SUMIFS(Raw_Data!$G:$G,Raw_Data!$AG:$AG,"Moye Technology",Raw_Data!$AH:$AH,"3월",Raw_Data!$AE:$AE,"기타수익",Raw_Data!$AF:$AF,"로열티수익") -> 0
A40: 로열티수익 | B40: OOTP(로열티) | C40: =SUMIFS(Raw_Data!$G:$G,Raw_Data!$AG:$AG,"OOTP(로열티)",Raw_Data!$AH:$AH,"3월",Raw_Data!$AE:$AE,"기타수익",Raw_Data!$AF:$AF,"로열티수익") -> 0
A41: 로열티수익 | B41: Skybound | C41: =SUMIFS(Raw_Data!$G:$G,Raw_Data!$AG:$AG,"Skybound",Raw_Data!$AH:$AH,"3월",Raw_Data!$AE:$AE,"기타수익",Raw_Data!$AF:$AF,"로열티수익") -> 0
A42: 로열티수익 | B42: 공게임즈 | C42: =SUMIFS(Raw_Data!$G:$G,Raw_Data!$AG:$AG,"공게임즈",Raw_Data!$AH:$AH,"3월",Raw_Data!$AE:$AE,"기타수익",Raw_Data!$AF:$AF,"로열티수익") -> 38159602
A43: 로열티수익 | B43: 네오위즈스포츠 | C43: =SUMIFS(Raw_Data!$G:$G,Raw_Data!$AG:$AG,"네오위즈스포츠",Raw_Data!$AH:$AH,"3월",Raw_Data!$AE:$AE,"기타수익",Raw_Data!$AF:$AF,"로열티수익") -> 56637702
A44: 로열티수익 | B44: 밸로프(로열티) | C44: =SUMIFS(Raw_Data!$G:$G,Raw_Data!$AG:$AG,"밸로프(로열티)",Raw_Data!$AH:$AH,"3월",Raw_Data!$AE:$AE,"기타수익",Raw_Data!$AF:$AF,"로열티수익") -> 28445172 | D44: ← 제노니아/루니아전기 로열티
A45: 로열티수익 | B45: 에이스프로젝트 | C45: =SUMIFS(Raw_Data!$G:$G,Raw_Data!$AG:$AG,"에이스프로젝트",Raw_Data!$AH:$AH,"3월",Raw_Data!$AE:$AE,"기타수익",Raw_Data!$AF:$AF,"로열티수익") -> 11340931
A46: 로열티수익 | B46: 위메이드 | C46: =SUMIFS(Raw_Data!$G:$G,Raw_Data!$AG:$AG,"위메이드",Raw_Data!$AH:$AH,"3월",Raw_Data!$AE:$AE,"기타수익",Raw_Data!$AF:$AF,"로열티수익") -> 1631962 | D46: ← 바터광고
A47: 로열티수익 | B47: 케나즈 | C47: =SUMIFS(Raw_Data!$G:$G,Raw_Data!$AG:$AG,"케나즈",Raw_Data!$AH:$AH,"3월",Raw_Data!$AE:$AE,"기타수익",Raw_Data!$AF:$AF,"로열티수익") -> 0
A48: 로열티수익 | B48: 해긴 | C48: =SUMIFS(Raw_Data!$G:$G,Raw_Data!$AG:$AG,"해긴",Raw_Data!$AH:$AH,"3월",Raw_Data!$AE:$AE,"기타수익",Raw_Data!$AF:$AF,"로열티수익") -> 0
A49: 기타 | B49: CJ올리브영 | C49: =SUMIFS(Raw_Data!$G:$G,Raw_Data!$AG:$AG,"CJ올리브영",Raw_Data!$AH:$AH,"3월",Raw_Data!$AE:$AE,"기타수익",Raw_Data!$AF:$AF,"기타") -> 0
A50: 기타 | B50: MetaMagnet | C50: =SUMIFS(Raw_Data!$G:$G,Raw_Data!$AG:$AG,"MetaMagnet",Raw_Data!$AH:$AH,"3월",Raw_Data!$AE:$AE,"기타수익",Raw_Data!$AF:$AF,"기타") -> 0
A51: 기타 | B51: OASYS | C51: =SUMIFS(Raw_Data!$G:$G,Raw_Data!$AG:$AG,"OASYS",Raw_Data!$AH:$AH,"3월",Raw_Data!$AE:$AE,"기타수익",Raw_Data!$AF:$AF,"기타") -> 0
A52: 기타 | B52: SBTM | C52: =SUMIFS(Raw_Data!$G:$G,Raw_Data!$AG:$AG,"SBTM",Raw_Data!$AH:$AH,"3월",Raw_Data!$AE:$AE,"기타수익",Raw_Data!$AF:$AF,"기타") -> 0
A53: 기타 | B53: 게임테일즈 | C53: =SUMIFS(Raw_Data!$G:$G,Raw_Data!$AG:$AG,"게임테일즈",Raw_Data!$AH:$AH,"3월",Raw_Data!$AE:$AE,"기타수익",Raw_Data!$AF:$AF,"기타") -> 44648649 | D53: ← 게임테일즈 운영시스템 양도/IP 사용료
A54: 기타 | B54: 과천펜타원 관리단 | C54: =SUMIFS(Raw_Data!$G:$G,Raw_Data!$AG:$AG,"과천펜타원 관리단",Raw_Data!$AH:$AH,"3월",Raw_Data!$AE:$AE,"기타수익",Raw_Data!$AF:$AF,"기타") -> 0 | D54: 과천펜타원 공실에 따른 주차수익, 계정대체
A55: 기타 | B55: 넷마블(기타) | C55: =SUMIFS(Raw_Data!$G:$G,Raw_Data!$AG:$AG,"넷마블(기타)",Raw_Data!$AH:$AH,"3월",Raw_Data!$AE:$AE,"기타수익",Raw_Data!$AF:$AF,"기타") -> 131265985
A56: 기타 | B56: 데이세븐(기타) | C56: =SUMIFS(Raw_Data!$G:$G,Raw_Data!$AG:$AG,"데이세븐(기타)",Raw_Data!$AH:$AH,"3월",Raw_Data!$AE:$AE,"기타수익",Raw_Data!$AF:$AF,"기타") -> 175000 | D56: ← 전대차 임대료
A57: 기타 | B57: 링티 | C57: =SUMIFS(Raw_Data!$G:$G,Raw_Data!$AG:$AG,"링티",Raw_Data!$AH:$AH,"3월",Raw_Data!$AE:$AE,"기타수익",Raw_Data!$AF:$AF,"기타") -> 0
A58: 기타 | B58: 비즈마켓 | C58: =SUMIFS(Raw_Data!$G:$G,Raw_Data!$AG:$AG,"비즈마켓",Raw_Data!$AH:$AH,"3월",Raw_Data!$AE:$AE,"기타수익",Raw_Data!$AF:$AF,"기타") -> 0
A59: 기타 | B59: 삼성화재 | C59: =SUMIFS(Raw_Data!$G:$G,Raw_Data!$AG:$AG,"삼성화재",Raw_Data!$AH:$AH,"3월",Raw_Data!$AE:$AE,"기타수익",Raw_Data!$AF:$AF,"기타") -> 0
A60: 기타 | B60: 에스비에스콘텐츠허브 | C60: =SUMIFS(Raw_Data!$G:$G,Raw_Data!$AG:$AG,"에스비에스콘텐츠허브",Raw_Data!$AH:$AH,"3월",Raw_Data!$AE:$AE,"기타수익",Raw_Data!$AF:$AF,"기타") -> 308257 | D60: ← 워너비챌린지 음원매출
A61: 기타 | B61: 오내피플 | C61: =SUMIFS(Raw_Data!$G:$G,Raw_Data!$AG:$AG,"오내피플",Raw_Data!$AH:$AH,"3월",Raw_Data!$AE:$AE,"기타수익",Raw_Data!$AF:$AF,"기타") -> 0
A62: 기타 | B62: 인케이코리아 | C62: =SUMIFS(Raw_Data!$G:$G,Raw_Data!$AG:$AG,"인케이코리아",Raw_Data!$AH:$AH,"3월",Raw_Data!$AE:$AE,"기타수익",Raw_Data!$AF:$AF,"기타") -> 0
A63: 기타 | B63: 카탈리스터(기타) | C63: =SUMIFS(Raw_Data!$G:$G,Raw_Data!$AG:$AG,"카탈리스터(기타)",Raw_Data!$AH:$AH,"3월",Raw_Data!$AE:$AE,"기타수익",Raw_Data!$AF:$AF,"기타") -> 875503 | D63: ← 4사 공용비용 분담금
A64: 기타 | B64: 컴투스로카(기타) | C64: =SUMIFS(Raw_Data!$G:$G,Raw_Data!$AG:$AG,"컴투스로카(기타)",Raw_Data!$AH:$AH,"3월",Raw_Data!$AE:$AE,"기타수익",Raw_Data!$AF:$AF,"기타") -> 0
A65: 기타 | B65: 컴투스플랫폼(기타) | C65: =SUMIFS(Raw_Data!$G:$G,Raw_Data!$AG:$AG,"컴투스플랫폼(기타)",Raw_Data!$AH:$AH,"3월",Raw_Data!$AE:$AE,"기타수익",Raw_Data!$AF:$AF,"기타") -> 32665420 | D65: ← 컴투스 상표 로열티, 4사 공용비용 분담금
A66: 기타 | B66: 컴투스홀딩스(기타) | C66: =SUMIFS(Raw_Data!$G:$G,Raw_Data!$AG:$AG,"컴투스홀딩스(기타)",Raw_Data!$AH:$AH,"3월",Raw_Data!$AE:$AE,"기타수익",Raw_Data!$AF:$AF,"기타") -> 26995684 | D66: ← 그룹사 홍보비용 정산
A67: 기타 | B67: 하이브로 | C67: =SUMIFS(Raw_Data!$G:$G,Raw_Data!$AG:$AG,"하이브로",Raw_Data!$AH:$AH,"3월",Raw_Data!$AE:$AE,"기타수익",Raw_Data!$AF:$AF,"기타") -> 19520952 | D67: ← 타이니팜/드래곤럼블 매출 정산
A68: 기타 | B68: 한국문화진흥 | C68: =SUMIFS(Raw_Data!$G:$G,Raw_Data!$AG:$AG,"한국문화진흥",Raw_Data!$AH:$AH,"3월",Raw_Data!$AE:$AE,"기타수익",Raw_Data!$AF:$AF,"기타") -> 0
A69: 기타수익 합계 | C69: =SUM(C39:C48,C49:C68) -> 392670819
A71: ■ 용역수익
A72: 구분 | B72: 거래처명 | C72: 금액 | D72: 비고
A73: 경영관리수익 | B73: Com2uS Europe | C73: =SUMIFS(Raw_Data!$G:$G,Raw_Data!$AG:$AG,"Com2uS Europe",Raw_Data!$AH:$AH,"3월",Raw_Data!$AE:$AE,"용역수익") -> 0
A74: 경영관리수익 | B74: Com2uS Japan | C74: =SUMIFS(Raw_Data!$G:$G,Raw_Data!$AG:$AG,"Com2uS Japan",Raw_Data!$AH:$AH,"3월",Raw_Data!$AE:$AE,"용역수익") -> 0
A75: 경영관리수익 | B75: Com2uS Taiwan | C75: =SUMIFS(Raw_Data!$G:$G,Raw_Data!$AG:$AG,"Com2uS Taiwan",Raw_Data!$AH:$AH,"3월",Raw_Data!$AE:$AE,"용역수익") -> 0
A76: 경영관리수익 | B76: Com2uS USA | C76: =SUMIFS(Raw_Data!$G:$G,Raw_Data!$AG:$AG,"Com2uS USA",Raw_Data!$AH:$AH,"3월",Raw_Data!$AE:$AE,"용역수익") -> 33116837
A77: 경영관리수익 | B77: MetaMagnet | C77: =SUMIFS(Raw_Data!$G:$G,Raw_Data!$AG:$AG,"MetaMagnet",Raw_Data!$AH:$AH,"3월",Raw_Data!$AE:$AE,"용역수익") -> 45974288 | D77: ← 블록체인 관련 업무위탁수익
A78: 경영관리수익 | B78: OASYS | C78: =SUMIFS(Raw_Data!$G:$G,Raw_Data!$AG:$AG,"OASYS",Raw_Data!$AH:$AH,"3월",Raw_Data!$AE:$AE,"용역수익") -> 49554662 | D78: ← 블록체인 관련 업무위탁수익
A79: 경영관리수익 | B79: OOTP(용역) | C79: =SUMIFS(Raw_Data!$G:$G,Raw_Data!$AG:$AG,"OOTP(용역)",Raw_Data!$AH:$AH,"3월",Raw_Data!$AE:$AE,"용역수익") -> 2387716 | D79: ← OOTP 지원 용역매출
A80: 경영관리수익 | B80: 데이세븐 | C80: =SUMIFS(Raw_Data!$G:$G,Raw_Data!$AG:$AG,"데이세븐",Raw_Data!$AH:$AH,"3월",Raw_Data!$AE:$AE,"용역수익") -> 500000 | D80: ← 용역 및 전대차 임대료
A81: 경영관리수익 | B81: 카탈리스터 | C81: =SUMIFS(Raw_Data!$G:$G,Raw_Data!$AG:$AG,"카탈리스터",Raw_Data!$AH:$AH,"3월",Raw_Data!$AE:$AE,"용역수익") -> 2740330
A82: 경영관리수익 | B82: 컴투스로카 | C82: =SUMIFS(Raw_Data!$G:$G,Raw_Data!$AG:$AG,"컴투스로카",Raw_Data!$AH:$AH,"3월",Raw_Data!$AE:$AE,"용역수익") -> 0
A83: 경영관리수익 | B83: 컴투스플랫폼 | C83: =SUMIFS(Raw_Data!$G:$G,Raw_Data!$AG:$AG,"컴투스플랫폼",Raw_Data!$AH:$AH,"3월",Raw_Data!$AE:$AE,"용역수익") -> 22166095
A84: 경영관리수익 | B84: 컴투스홀딩스 | C84: =SUMIFS(Raw_Data!$G:$G,Raw_Data!$AG:$AG,"컴투스홀딩스",Raw_Data!$AH:$AH,"3월",Raw_Data!$AE:$AE,"용역수익") -> 223572659 | D84: ← 라이브게임 용역료, 업무위탁용역비
A85: 경영관리수익 | B85: 티키타카스튜디오 | C85: =SUMIFS(Raw_Data!$G:$G,Raw_Data!$AG:$AG,"티키타카스튜디오",Raw_Data!$AH:$AH,"3월",Raw_Data!$AE:$AE,"용역수익") -> 0
A86: 용역수익 합계 | C86: =SUM(C73:C85) -> 380012587
A88: 총 합 계 | C88: =C35+C69+C86 -> 40151935129

Sheet 4월
A1: 2026년 4월 매출현황 | D1: (단위: 원)
A3: ■ 게임매출
A4: 구분 | B4: 거래처명 | C4: 금액 | D4: 비고
A5: 모바일 | B5: Amazon | C5: =SUMIFS(Raw_Data!$G:$G,Raw_Data!$AG:$AG,"Amazon",Raw_Data!$AH:$AH,"4월",Raw_Data!$AE:$AE,"게임매출",Raw_Data!$AF:$AF,"모바일") -> 22927202
A6: 모바일 | B6: Beijing Raymobile | C6: =SUMIFS(Raw_Data!$G:$G,Raw_Data!$AG:$AG,"Beijing Raymobile",Raw_Data!$AH:$AH,"4월",Raw_Data!$AE:$AE,"게임매출",Raw_Data!$AF:$AF,"모바일") -> 660380514
A7: 모바일 | B7: Huawei | C7: =SUMIFS(Raw_Data!$G:$G,Raw_Data!$AG:$AG,"Huawei",Raw_Data!$AH:$AH,"4월",Raw_Data!$AE:$AE,"게임매출",Raw_Data!$AF:$AF,"모바일") -> 1120021474
A8: 모바일 | B8: Red River | C8: =SUMIFS(Raw_Data!$G:$G,Raw_Data!$AG:$AG,"Red River",Raw_Data!$AH:$AH,"4월",Raw_Data!$AE:$AE,"게임매출",Raw_Data!$AF:$AF,"모바일") -> -47832803
A9: 모바일 | B9: Xsolla | C9: =SUMIFS(Raw_Data!$G:$G,Raw_Data!$AG:$AG,"Xsolla",Raw_Data!$AH:$AH,"4월",Raw_Data!$AE:$AE,"게임매출",Raw_Data!$AF:$AF,"모바일") -> 303164011
A10: 모바일 | B10: 구글 | C10: =SUMIFS(Raw_Data!$G:$G,Raw_Data!$AG:$AG,"구글",Raw_Data!$AH:$AH,"4월",Raw_Data!$AE:$AE,"게임매출",Raw_Data!$AF:$AF,"모바일") -> 16225336835
A11: 모바일 | B11: 밸로프 | C11: =SUMIFS(Raw_Data!$G:$G,Raw_Data!$AG:$AG,"밸로프",Raw_Data!$AH:$AH,"4월",Raw_Data!$AE:$AE,"게임매출",Raw_Data!$AF:$AF,"모바일") -> 1662927
A12: 모바일 | B12: 비바리퍼블리카 | C12: =SUMIFS(Raw_Data!$G:$G,Raw_Data!$AG:$AG,"비바리퍼블리카",Raw_Data!$AH:$AH,"4월",Raw_Data!$AE:$AE,"게임매출",Raw_Data!$AF:$AF,"모바일") -> 13637
A13: 모바일 | B13: 애플 | C13: =SUMIFS(Raw_Data!$G:$G,Raw_Data!$AG:$AG,"애플",Raw_Data!$AH:$AH,"4월",Raw_Data!$AE:$AE,"게임매출",Raw_Data!$AF:$AF,"모바일") -> 19327237511
A14: 모바일 | B14: 원스토어 | C14: =SUMIFS(Raw_Data!$G:$G,Raw_Data!$AG:$AG,"원스토어",Raw_Data!$AH:$AH,"4월",Raw_Data!$AE:$AE,"게임매출",Raw_Data!$AF:$AF,"모바일") -> 4384116240 | D14: ← 원스토어
A15: 모바일 | B15: 컴투스(수익이연) | C15: =SUMIFS(Raw_Data!$G:$G,Raw_Data!$AG:$AG,"컴투스(수익이연)",Raw_Data!$AH:$AH,"4월",Raw_Data!$AE:$AE,"게임매출",Raw_Data!$AF:$AF,"모바일") -> 0
A16: 모바일 | B16: 컴투스플랫폼 | C16: =SUMIFS(Raw_Data!$G:$G,Raw_Data!$AG:$AG,"컴투스플랫폼",Raw_Data!$AH:$AH,"4월",Raw_Data!$AE:$AE,"게임매출",Raw_Data!$AF:$AF,"모바일") -> 0
A17: 모바일 | B17: 컴투스홀딩스 | C17: =SUMIFS(Raw_Data!$G:$G,Raw_Data!$AG:$AG,"컴투스홀딩스",Raw_Data!$AH:$AH,"4월",Raw_Data!$AE:$AE,"게임매출",Raw_Data!$AF:$AF,"모바일") -> 32651198
A18: 온라인 | B18: NHN | C18: =SUMIFS(Raw_Data!$G:$G,Raw_Data!$AG:$AG,"NHN",Raw_Data!$AH:$AH,"4월",Raw_Data!$AE:$AE,"게임매출",Raw_Data!$AF:$AF,"온라인") -> 1159080458
A19: 온라인 | B19: Paypal | C19: =SUMIFS(Raw_Data!$G:$G,Raw_Data!$AG:$AG,"Paypal",Raw_Data!$AH:$AH,"4월",Raw_Data!$AE:$AE,"게임매출",Raw_Data!$AF:$AF,"온라인") -> 67063986
A20: 온라인 | B20: SOFT-WORLD | C20: =SUMIFS(Raw_Data!$G:$G,Raw_Data!$AG:$AG,"SOFT-WORLD",Raw_Data!$AH:$AH,"4월",Raw_Data!$AE:$AE,"게임매출",Raw_Data!$AF:$AF,"온라인") -> 592031049 | D20: ← 스타시드 관련 (대만/HK 카드 매출)
A21: 온라인 | B21: Terminal3 | C21: =SUMIFS(Raw_Data!$G:$G,Raw_Data!$AG:$AG,"Terminal3",Raw_Data!$AH:$AH,"4월",Raw_Data!$AE:$AE,"게임매출",Raw_Data!$AF:$AF,"온라인") -> 77328946
A22: 온라인 | B22: Valve | C22: =SUMIFS(Raw_Data!$G:$G,Raw_Data!$AG:$AG,"Valve",Raw_Data!$AH:$AH,"4월",Raw_Data!$AE:$AE,"게임매출",Raw_Data!$AF:$AF,"온라인") -> 1826602402
A23: 온라인 | B23: 네이버파이낸셜 | C23: =SUMIFS(Raw_Data!$G:$G,Raw_Data!$AG:$AG,"네이버파이낸셜",Raw_Data!$AH:$AH,"4월",Raw_Data!$AE:$AE,"게임매출",Raw_Data!$AF:$AF,"온라인") -> 845488184
A24: 온라인 | B24: 토스페이먼츠 | C24: =SUMIFS(Raw_Data!$G:$G,Raw_Data!$AG:$AG,"토스페이먼츠",Raw_Data!$AH:$AH,"4월",Raw_Data!$AE:$AE,"게임매출",Raw_Data!$AF:$AF,"온라인") -> 113787364
A25: 광고 | B25: Admob | C25: =SUMIFS(Raw_Data!$G:$G,Raw_Data!$AG:$AG,"Admob",Raw_Data!$AH:$AH,"4월",Raw_Data!$AE:$AE,"게임매출",Raw_Data!$AF:$AF,"광고") -> 0
A26: 광고 | B26: Facebook | C26: =SUMIFS(Raw_Data!$G:$G,Raw_Data!$AG:$AG,"Facebook",Raw_Data!$AH:$AH,"4월",Raw_Data!$AE:$AE,"게임매출",Raw_Data!$AF:$AF,"광고") -> 18579569
A27: 광고 | B27: Line | C27: =SUMIFS(Raw_Data!$G:$G,Raw_Data!$AG:$AG,"Line",Raw_Data!$AH:$AH,"4월",Raw_Data!$AE:$AE,"게임매출",Raw_Data!$AF:$AF,"광고") -> 6285
A28: 광고 | B28: 넵튠 | C28: =SUMIFS(Raw_Data!$G:$G,Raw_Data!$AG:$AG,"넵튠",Raw_Data!$AH:$AH,"4월",Raw_Data!$AE:$AE,"게임매출",Raw_Data!$AF:$AF,"광고") -> 85241491 | D28: ← 러쉬 Xsolla 정산
A29: 광고 | B29: 원스토어(광고) | C29: =SUMIFS(Raw_Data!$G:$G,Raw_Data!$AG:$AG,"원스토어(광고)",Raw_Data!$AH:$AH,"4월",Raw_Data!$AE:$AE,"게임매출",Raw_Data!$AF:$AF,"광고") -> 146940773 | D29: ← 애드엑스플러스 사명 변경 (23.11)
A30: OOTP | B30: OOTP | C30: =SUMIFS(Raw_Data!$G:$G,Raw_Data!$AG:$AG,"OOTP",Raw_Data!$AH:$AH,"4월",Raw_Data!$AE:$AE,"게임매출",Raw_Data!$AF:$AF,"OOTP") -> 3278000 | D30: ← OOTP 관련(추정손익 파일상 기타매출로 분류)
A31: 모바일 소계 | C31: =SUM(C5:C17) -> 42029678746
A32: 온라인 소계 | C32: =SUM(C18:C24) -> 4681382389
A33: 광고 소계 | C33: =SUM(C25:C29) -> 250768118
A34: OOTP 소계 | C34: =SUM(C30:C30) -> 3278000
A35: 게임매출 합계 | C35: =C31+C32+C33+C34 -> 46965107253
A37: ■ 기타수익
A38: 구분 | B38: 거래처명 | C38: 금액 | D38: 비고
A39: 로열티수익 | B39: Moye Technology | C39: =SUMIFS(Raw_Data!$G:$G,Raw_Data!$AG:$AG,"Moye Technology",Raw_Data!$AH:$AH,"4월",Raw_Data!$AE:$AE,"기타수익",Raw_Data!$AF:$AF,"로열티수익") -> 0
A40: 로열티수익 | B40: OOTP(로열티) | C40: =SUMIFS(Raw_Data!$G:$G,Raw_Data!$AG:$AG,"OOTP(로열티)",Raw_Data!$AH:$AH,"4월",Raw_Data!$AE:$AE,"기타수익",Raw_Data!$AF:$AF,"로열티수익") -> 447693 | D40: ← 선수협 퍼블리시티권 정산
A41: 로열티수익 | B41: Skybound | C41: =SUMIFS(Raw_Data!$G:$G,Raw_Data!$AG:$AG,"Skybound",Raw_Data!$AH:$AH,"4월",Raw_Data!$AE:$AE,"기타수익",Raw_Data!$AF:$AF,"로열티수익") -> 0
A42: 로열티수익 | B42: 공게임즈 | C42: =SUMIFS(Raw_Data!$G:$G,Raw_Data!$AG:$AG,"공게임즈",Raw_Data!$AH:$AH,"4월",Raw_Data!$AE:$AE,"기타수익",Raw_Data!$AF:$AF,"로열티수익") -> 22132224
A43: 로열티수익 | B43: 네오위즈스포츠 | C43: =SUMIFS(Raw_Data!$G:$G,Raw_Data!$AG:$AG,"네오위즈스포츠",Raw_Data!$AH:$AH,"4월",Raw_Data!$AE:$AE,"기타수익",Raw_Data!$AF:$AF,"로열티수익") -> 17450350
A44: 로열티수익 | B44: 밸로프(로열티) | C44: =SUMIFS(Raw_Data!$G:$G,Raw_Data!$AG:$AG,"밸로프(로열티)",Raw_Data!$AH:$AH,"4월",Raw_Data!$AE:$AE,"기타수익",Raw_Data!$AF:$AF,"로열티수익") -> 19694906 | D44: ← 제노니아/루니아전기 로열티
A45: 로열티수익 | B45: 에이스프로젝트 | C45: =SUMIFS(Raw_Data!$G:$G,Raw_Data!$AG:$AG,"에이스프로젝트",Raw_Data!$AH:$AH,"4월",Raw_Data!$AE:$AE,"기타수익",Raw_Data!$AF:$AF,"로열티수익") -> 5803546
A46: 로열티수익 | B46: 위메이드 | C46: =SUMIFS(Raw_Data!$G:$G,Raw_Data!$AG:$AG,"위메이드",Raw_Data!$AH:$AH,"4월",Raw_Data!$AE:$AE,"기타수익",Raw_Data!$AF:$AF,"로열티수익") -> 635256 | D46: ← 바터광고
A47: 로열티수익 | B47: 케나즈 | C47: =SUMIFS(Raw_Data!$G:$G,Raw_Data!$AG:$AG,"케나즈",Raw_Data!$AH:$AH,"4월",Raw_Data!$AE:$AE,"기타수익",Raw_Data!$AF:$AF,"로열티수익") -> 23759 | D47: ← 서머너즈워 IP 활용 웹툰 정산금
A48: 로열티수익 | B48: 해긴 | C48: =SUMIFS(Raw_Data!$G:$G,Raw_Data!$AG:$AG,"해긴",Raw_Data!$AH:$AH,"4월",Raw_Data!$AE:$AE,"기타수익",Raw_Data!$AF:$AF,"로열티수익") -> 25393862 | D48: ← 프로야구GO! 선수협 정산
A49: 기타 | B49: CJ올리브영 | C49: =SUMIFS(Raw_Data!$G:$G,Raw_Data!$AG:$AG,"CJ올리브영",Raw_Data!$AH:$AH,"4월",Raw_Data!$AE:$AE,"기타수익",Raw_Data!$AF:$AF,"기타") -> 0
A50: 기타 | B50: MetaMagnet | C50: =SUMIFS(Raw_Data!$G:$G,Raw_Data!$AG:$AG,"MetaMagnet",Raw_Data!$AH:$AH,"4월",Raw_Data!$AE:$AE,"기타수익",Raw_Data!$AF:$AF,"기타") -> 0
A51: 기타 | B51: OASYS | C51: =SUMIFS(Raw_Data!$G:$G,Raw_Data!$AG:$AG,"OASYS",Raw_Data!$AH:$AH,"4월",Raw_Data!$AE:$AE,"기타수익",Raw_Data!$AF:$AF,"기타") -> 0
A52: 기타 | B52: SBTM | C52: =SUMIFS(Raw_Data!$G:$G,Raw_Data!$AG:$AG,"SBTM",Raw_Data!$AH:$AH,"4월",Raw_Data!$AE:$AE,"기타수익",Raw_Data!$AF:$AF,"기타") -> 0
A53: 기타 | B53: 게임테일즈 | C53: =SUMIFS(Raw_Data!$G:$G,Raw_Data!$AG:$AG,"게임테일즈",Raw_Data!$AH:$AH,"4월",Raw_Data!$AE:$AE,"기타수익",Raw_Data!$AF:$AF,"기타") -> 86246072 | D53: ← 게임테일즈 운영시스템 양도/IP 사용료
A54: 기타 | B54: 넷마블(기타) | C54: =SUMIFS(Raw_Data!$G:$G,Raw_Data!$AG:$AG,"넷마블(기타)",Raw_Data!$AH:$AH,"4월",Raw_Data!$AE:$AE,"기타수익",Raw_Data!$AF:$AF,"기타") -> 32202273
A55: 기타 | B55: 데이세븐(기타) | C55: =SUMIFS(Raw_Data!$G:$G,Raw_Data!$AG:$AG,"데이세븐(기타)",Raw_Data!$AH:$AH,"4월",Raw_Data!$AE:$AE,"기타수익",Raw_Data!$AF:$AF,"기타") -> 175000 | D55: ← 전대차 임대료
A56: 기타 | B56: 링티 | C56: =SUMIFS(Raw_Data!$G:$G,Raw_Data!$AG:$AG,"링티",Raw_Data!$AH:$AH,"4월",Raw_Data!$AE:$AE,"기타수익",Raw_Data!$AF:$AF,"기타") -> 0
A57: 기타 | B57: 비즈마켓 | C57: =SUMIFS(Raw_Data!$G:$G,Raw_Data!$AG:$AG,"비즈마켓",Raw_Data!$AH:$AH,"4월",Raw_Data!$AE:$AE,"기타수익",Raw_Data!$AF:$AF,"기타") -> 0
A58: 기타 | B58: 삼성화재 | C58: =SUMIFS(Raw_Data!$G:$G,Raw_Data!$AG:$AG,"삼성화재",Raw_Data!$AH:$AH,"4월",Raw_Data!$AE:$AE,"기타수익",Raw_Data!$AF:$AF,"기타") -> 0
A59: 기타 | B59: 에스비에스콘텐츠허브 | C59: =SUMIFS(Raw_Data!$G:$G,Raw_Data!$AG:$AG,"에스비에스콘텐츠허브",Raw_Data!$AH:$AH,"4월",Raw_Data!$AE:$AE,"기타수익",Raw_Data!$AF:$AF,"기타") -> 140822 | D59: ← 워너비챌린지 음원매출
A60: 기타 | B60: 오내피플 | C60: =SUMIFS(Raw_Data!$G:$G,Raw_Data!$AG:$AG,"오내피플",Raw_Data!$AH:$AH,"4월",Raw_Data!$AE:$AE,"기타수익",Raw_Data!$AF:$AF,"기타") -> 0
A61: 기타 | B61: 인케이코리아 | C61: =SUMIFS(Raw_Data!$G:$G,Raw_Data!$AG:$AG,"인케이코리아",Raw_Data!$AH:$AH,"4월",Raw_Data!$AE:$AE,"기타수익",Raw_Data!$AF:$AF,"기타") -> 0
A62: 기타 | B62: 카탈리스터(기타) | C62: =SUMIFS(Raw_Data!$G:$G,Raw_Data!$AG:$AG,"카탈리스터(기타)",Raw_Data!$AH:$AH,"4월",Raw_Data!$AE:$AE,"기타수익",Raw_Data!$AF:$AF,"기타") -> 937103 | D62: ← 4사 공용비용 분담금
A63: 기타 | B63: 컴투스로카(기타) | C63: =SUMIFS(Raw_Data!$G:$G,Raw_Data!$AG:$AG,"컴투스로카(기타)",Raw_Data!$AH:$AH,"4월",Raw_Data!$AE:$AE,"기타수익",Raw_Data!$AF:$AF,"기타") -> 0
A64: 기타 | B64: 컴투스플랫폼(기타) | C64: =SUMIFS(Raw_Data!$G:$G,Raw_Data!$AG:$AG,"컴투스플랫폼(기타)",Raw_Data!$AH:$AH,"4월",Raw_Data!$AE:$AE,"기타수익",Raw_Data!$AF:$AF,"기타") -> 51247628 | D64: ← 컴투스 상표 로열티, 4사 공용비용 분담금
A65: 기타 | B65: 컴투스홀딩스(기타) | C65: =SUMIFS(Raw_Data!$G:$G,Raw_Data!$AG:$AG,"컴투스홀딩스(기타)",Raw_Data!$AH:$AH,"4월",Raw_Data!$AE:$AE,"기타수익",Raw_Data!$AF:$AF,"기타") -> 23678617 | D65: ← 그룹사 홍보비용 정산
A66: 기타 | B66: 하이브로 | C66: =SUMIFS(Raw_Data!$G:$G,Raw_Data!$AG:$AG,"하이브로",Raw_Data!$AH:$AH,"4월",Raw_Data!$AE:$AE,"기타수익",Raw_Data!$AF:$AF,"기타") -> 20880396 | D66: ← 타이니팜/드래곤럼블 매출 정산
A67: 기타 | B67: 한국문화진흥 | C67: =SUMIFS(Raw_Data!$G:$G,Raw_Data!$AG:$AG,"한국문화진흥",Raw_Data!$AH:$AH,"4월",Raw_Data!$AE:$AE,"기타수익",Raw_Data!$AF:$AF,"기타") -> 0
A68: 기타수익 합계 | C68: =SUM(C39:C48,C49:C67) -> 307089507
A70: ■ 용역수익
A71: 구분 | B71: 거래처명 | C71: 금액 | D71: 비고
A72: 경영관리수익 | B72: Com2uS Europe | C72: =SUMIFS(Raw_Data!$G:$G,Raw_Data!$AG:$AG,"Com2uS Europe",Raw_Data!$AH:$AH,"4월",Raw_Data!$AE:$AE,"용역수익") -> 0
A73: 경영관리수익 | B73: Com2uS Japan | C73: =SUMIFS(Raw_Data!$G:$G,Raw_Data!$AG:$AG,"Com2uS Japan",Raw_Data!$AH:$AH,"4월",Raw_Data!$AE:$AE,"용역수익") -> 0
A74: 경영관리수익 | B74: Com2uS Taiwan | C74: =SUMIFS(Raw_Data!$G:$G,Raw_Data!$AG:$AG,"Com2uS Taiwan",Raw_Data!$AH:$AH,"4월",Raw_Data!$AE:$AE,"용역수익") -> 0
A75: 경영관리수익 | B75: Com2uS USA | C75: =SUMIFS(Raw_Data!$G:$G,Raw_Data!$AG:$AG,"Com2uS USA",Raw_Data!$AH:$AH,"4월",Raw_Data!$AE:$AE,"용역수익") -> 51301797
A76: 경영관리수익 | B76: MetaMagnet | C76: =SUMIFS(Raw_Data!$G:$G,Raw_Data!$AG:$AG,"MetaMagnet",Raw_Data!$AH:$AH,"4월",Raw_Data!$AE:$AE,"용역수익") -> 45577407 | D76: ← 블록체인 관련 업무위탁수익
A77: 경영관리수익 | B77: OASYS | C77: =SUMIFS(Raw_Data!$G:$G,Raw_Data!$AG:$AG,"OASYS",Raw_Data!$AH:$AH,"4월",Raw_Data!$AE:$AE,"용역수익") -> 49579662 | D77: ← 블록체인 관련 업무위탁수익
A78: 경영관리수익 | B78: OOTP(용역) | C78: =SUMIFS(Raw_Data!$G:$G,Raw_Data!$AG:$AG,"OOTP(용역)",Raw_Data!$AH:$AH,"4월",Raw_Data!$AE:$AE,"용역수익") -> -636506 | D78: ← OOTP 지원 용역매출
A79: 경영관리수익 | B79: 데이세븐 | C79: =SUMIFS(Raw_Data!$G:$G,Raw_Data!$AG:$AG,"데이세븐",Raw_Data!$AH:$AH,"4월",Raw_Data!$AE:$AE,"용역수익") -> 500000 | D79: ← 용역 및 전대차 임대료
A80: 경영관리수익 | B80: 카탈리스터 | C80: =SUMIFS(Raw_Data!$G:$G,Raw_Data!$AG:$AG,"카탈리스터",Raw_Data!$AH:$AH,"4월",Raw_Data!$AE:$AE,"용역수익") -> 40543
A81: 경영관리수익 | B81: 컴투스로카 | C81: =SUMIFS(Raw_Data!$G:$G,Raw_Data!$AG:$AG,"컴투스로카",Raw_Data!$AH:$AH,"4월",Raw_Data!$AE:$AE,"용역수익") -> 500000
A82: 경영관리수익 | B82: 컴투스플랫폼 | C82: =SUMIFS(Raw_Data!$G:$G,Raw_Data!$AG:$AG,"컴투스플랫폼",Raw_Data!$AH:$AH,"4월",Raw_Data!$AE:$AE,"용역수익") -> 16555660
A83: 경영관리수익 | B83: 컴투스홀딩스 | C83: =SUMIFS(Raw_Data!$G:$G,Raw_Data!$AG:$AG,"컴투스홀딩스",Raw_Data!$AH:$AH,"4월",Raw_Data!$AE:$AE,"용역수익") -> 207255739 | D83: ← 라이브게임 용역료, 업무위탁용역비
A84: 경영관리수익 | B84: 티키타카스튜디오 | C84: =SUMIFS(Raw_Data!$G:$G,Raw_Data!$AG:$AG,"티키타카스튜디오",Raw_Data!$AH:$AH,"4월",Raw_Data!$AE:$AE,"용역수익") -> 0
A85: 용역수익 합계 | C85: =SUM(C72:C84) -> 370674302
A87: 총 합 계 | C87: =C35+C68+C85 -> 47642871062

Sheet Raw_Data
A1: No | B1: 계정코드 | C1: 계정명 | D1: 회계일 | E1: 승인번호 | F1: 차변 | G1: 대변 | H1: 잔액 | I1: 적요 | J1: 거래처코드 | K1: 거래처 | L1: 비용센터코드 | M1: 비용센터 | N1: 거래환종 | O1: 거래금액 | P1: 환율 | Q1: 프로젝트 | R1: 프로젝트명 | S1: 증빙 | T1: 예산단위 | U1: 예산계정 | V1: 회계단위 | W1: 작성부서 | X1: 작성자 | Y1: 전표번호 | Z1: 순번 | AA1: 메뉴 | AB1: 전표유형코드 | AC1: 전표유형명 | AD1: 계정유형 | AE1: 매출구분 | AF1: 세부구분 | AG1: 표시명 | AH1: 월 | AI1: 비고_매핑
A2: 1 | B2: 4100500 | C2: 기타수익 | D2: 46047 | E2: 3 | F2: 0 | G2: 33725108 | H2: 33725108 | I2: 2025년 4분기 그룹사 홍보비용 정산(홀딩스) | J2: C103422 | K2: 주식회사 컴투스홀딩스 | L2: 0100031561 | M2: (주)컴투스>경영전략부문>전략홍보실>커뮤니케이션1팀 | N2: KRW | O2: 33725108 | P2: 1 | Q2: Z0000 | R2: 공통 | S2: 세금계산서 | T2: 공통_수입결의서 | U2: 기타수익 | V2: (주)컴투스 | W2: (주)컴투스>경영전략부문>재무관리실>회계팀 | X2: 임회원 | Y2: FI20260125000003 | Z2: 1 | AA2: 결의서입력 | AB2: 11 | AC2: 일반 | AD2: K-IFRS(일반) | AE2: 기타수익 | AF2: 기타 | AG2: 컴투스홀딩스(기타) | AH2: 1월 | AI2: ← 그룹사 홍보비용 정산
A3: 2 | B3: 4100500 | C3: 기타수익 | D3: 46047 | E3: 3 | F3: 0 | G3: 14468693 | H3: 48193801 | I3: 2025년 4분기 그룹사 홍보비용 정산(플랫폼) | J3: C103421 | K3: 주식회사 컴투스플랫폼 | L3: 0100031561 | M3: (주)컴투스>경영전략부문>전략홍보실>커뮤니케이션1팀 | N3: KRW | O3: 14468693 | P3: 1 | Q3: Z0000 | R3: 공통 | S3: 세금계산서 | T3: 공통_수입결의서 | U3: 기타수익 | V3: (주)컴투스 | W3: (주)컴투스>경영전략부문>재무관리실>회계팀 | X3: 임회원 | Y3: FI20260125000003 | Z3: 4 | AA3: 결의서입력 | AB3: 11 | AC3: 일반 | AD3: K-IFRS(일반) | AE3: 기타수익 | AF3: 기타 | AG3: 컴투스플랫폼(기타) | AH3: 1월 | AI3: ← 컴투스 상표 로열티, 4사 공용비용 분담금
A4: 3 | B4: 4100500 | C4: 기타수익 | D4: 46052 | E4: 44 | F4: 0 | G4: 121442 | H4: 48315243 | I4: 01월/기타수익_매출/워너비챌린지 OST 음원매출 | J4: C100488 | K4: (주)에스비에스콘텐츠허브 | L4: CS10003290 | M4: (주)컴투스>사업운영센터>운영지원팀>운영지원2 | N4: KRW | O4: 121442 | P4: 1 | Q4: C0007 | R4: 워너비 | S4: 세금계산서 | T4: 공통_수입결의서 | U4: 기타수익 | V4: (주)컴투스 | W4: (주)컴투스>경영전략부문>재무관리실>회계팀 | X4: 유재원 | Y4: FI20260130000051 | Z4: 1 | AA4: 결의서입력 | AB4: 11 | AC4: 일반 | AD4: K-IFRS(일반) | AE4: 기타수익 | AF4: 기타 | AG4: 에스비에스콘텐츠허브 | AH4: 1월 | AI4: ← 워너비챌린지 음원매출
A5: 4 | B5: 4100500 | C5: 기타수익 | D5: 46053 | E5: 339 | F5: 0 | G5: 835680 | H5: 49150923 | I5: 26년 1월 카탈리스터 전대차 임대료 | J5: C103506 | K5: 주식회사 카탈리스터 | L5: 000000 | M5: 회사전체 | N5: KRW | O5: 835680 | P5: 1 | Q5: Z0000 | R5: 공통 | V5: (주)컴투스 | W5: (주)컴투스>경영전략부문>재무관리실>회계팀 | X5: 임회원 | Y5: FI20260131000348 | Z5: 2 | AA5: 전표입력 | AB5: 11 | AC5: 일반 | AD5: K-IFRS(일반) | AE5: 기타수익 | AF5: 기타 | AG5: 카탈리스터(기타) | AH5: 1월 | AI5: ← 4사 공용비용 분담금
A6: 5 | B6: 4100500 | C6: 기타수익 | D6: 46053 | E6: 338 | F6: 0 | G6: 175000 | H6: 49325923 | I6: 26년 1월 데이세븐 전대차 임대료 | J6: C102899 | K6: 주식회사 데이세븐 | L6: 000000 | M6: 회사전체 | N6: KRW | O6: 175000 | P6: 1 | Q6: Z0000 | R6: 공통 | V6: (주)컴투스 | W6: (주)컴투스>경영전략부문>재무관리실>회계팀 | X6: 임회원 | Y6: FI20260131000349 | Z6: 3 | AA6: 전표입력 | AB6: 11 | AC6: 일반 | AD6: K-IFRS(일반) | AE6: 기타수익 | AF6: 기타 | AG6: 데이세븐(기타) | AH6: 1월 | AI6: ← 전대차 임대료
A7: 6 | B7: 4100500 | C7: 기타수익 | D7: 46053 | E7: 341 | F7: 0 | G7: 13048244 | H7: 62374167 | I7: 1월분 4사 공용비용 분담 예상 금액_컴투스홀딩스 | J7: C103422 | K7: 주식회사 컴투스홀딩스 | L7: CS10003521 | M7: (주)컴투스>경영전략부문>재무관리실>회계팀 | N7: KRW | O7: 13048244 | P7: 1 | Q7: Z0000 | R7: 공통 | V7: (주)컴투스 | W7: (주)컴투스>경영전략부문>재무관리실>회계팀 | X7: 임회원 | Y7: FI20260131000357 | Z7: 2 | AA7: 전표입력 | AB7: 12 | AC7: 결산대체 | AD7: K-IFRS(일반) | AE7: 기타수익 | AF7: 기타 | AG7: 컴투스홀딩스(기타) | AH7: 1월 | AI7: ← 그룹사 홍보비용 정산
A8: 7 | B8: 4100500 | C8: 기타수익 | D8: 46053 | E8: 341 | F8: 0 | G8: 29397672 | H8: 91771839 | I8: 1월분 4사 공용비용 분담 예상 금액_컴투스플랫폼 | J8: C103421 | K8: 주식회사 컴투스플랫폼 | L8: CS10003521 | M8: (주)컴투스>경영전략부문>재무관리실>회계팀 | N8: KRW | O8: 29397672 | P8: 1 | Q8: Z0000 | R8: 공통 | V8: (주)컴투스 | W8: (주)컴투스>경영전략부문>재무관리실>회계팀 | X8: 임회원 | Y8: FI20260131000357 | Z8: 4 | AA8: 전표입력 | AB8: 12 | AC8: 결산대체 | AD8: K-IFRS(일반) | AE8: 기타수익 | AF8: 기타 | AG8: 컴투스플랫폼(기타) | AH8: 1월 | AI8: ← 컴투스 상표 로열티, 4사 공용비용 분담금
A9: 8 | B9: 4100500 | C9: 기타수익 | D9: 46053 | E9: 341 | F9: 0 | G9: 132223 | H9: 91904062 | I9: 1월분 4사 공용비용 분담 예상 금액_카탈리스터 | J9: C103506 | K9: 주식회사 카탈리스터 | L9: CS10003521 | M9: (주)컴투스>경영전략부문>재무관리실>회계팀 | N9: KRW | O9: 132223 | P9: 1 | Q9: Z0000 | R9: 공통 | V9: (주)컴투스 | W9: (주)컴투스>경영전략부문>재무관리실>회계팀 | X9: 임회원 | Y9: FI20260131000357 | Z9: 6 | AA9: 전표입력 | AB9: 12 | AC9: 결산대체 | AD9: K-IFRS(일반) | AE9: 기타수익 | AF9: 기타 | AG9: 카탈리스터(기타) | AH9: 1월 | AI9: ← 4사 공용비용 분담금
A10: 9 | B10: 4100500 | C10: 기타수익 | D10: 46053 | E10: 386 | F10: 0 | G10: 18413940 | H10: 110318002 | I10: 12월/매출_수익정산/하이브로 타이니팜＆드래곤럼블(2종게임) 매출 정산(2025년 12월) | J10: C104162 | K10: 주식회사 하이브로 | L10: CS10003276 | M10: (주)컴투스>사업운영센터>센트럴사업실 | N10: KRW | O10: 18413940 | P10: 1 | Q10: A0007 | R10: 타이니팜 | S10: 세금계산서 | T10: 공통_수입결의서 | U10: 기타수익 | V10: (주)컴투스 | W10: (주)컴투스>경영전략부문>재무관리실>회계팀 | X10: 유재원 | Y10: FI20260131000427 | Z10: 1 | AA10: 결의서입력 | AB10: 11 | AC10: 일반 | AD10: K-IFRS(일반) | AE10: 기타수익 | AF10: 기타 | AG10: 하이브로 | AH10: 1월 | AI10: ← 타이니팜/드래곤럼블 매출 정산
A11: 10 | B11: 4100500 | C11: 기타수익 | D11: 46053 | E11: 386 | F11: 0 | G11: 15551596 | H11: 125869598 | I11: 12월/매출_수익정산/하이브로 타이니팜＆드래곤럼블(2종게임) 매출 정산(2025년 12월) | J11: C104162 | K11: 주식회사 하이브로 | L11: CS10003276 | M11: (주)컴투스>사업운영센터>센트럴사업실 | N11: KRW | O11: 15551596 | P11: 1 | Q11: C0029 | R11: 전투기키우기 | S11: 세금계산서 | T11: 공통_수입결의서 | U11: 기타수익 | V11: (주)컴투스 | W11: (주)컴투스>경영전략부문>재무관리실>회계팀 | X11: 유재원 | Y11: FI20260131000427 | Z11: 4 | AA11: 결의서입력 | AB11: 11 | AC11: 일반 | AD11: K-IFRS(일반) | AE11: 기타수익 | AF11: 기타 | AG11: 하이브로 | AH11: 1월 | AI11: ← 타이니팜/드래곤럼블 매출 정산
A12: 11 | B12: 4100500 | C12: 기타수익 | D12: 46053 | E12: 387 | F12: 0 | G12: 831597 | H12: 126701195 | I12: 2026년 1월 붕어빵 타이쿤 IP로열티 정산분 | J12: C103421 | K12: 주식회사 컴투스플랫폼 | L12: CS10003409 | M12: (주)컴투스>게임사업담당>NR사업본부>글로벌사업실>글로벌전략팀 | N12: KRW | O12: 831597 | P12: 1 | Q12: Z0000 | R12: 공통 | S12: 세금계산서 | T12: 공통_수입결의서 | U12: 기타수익 | V12: (주)컴투스 | W12: (주)컴투스>경영전략부문>재무관리실>회계팀 | X12: 유재원 | Y12: FI20260131000428 | Z12: 1 | AA12: 결의서입력 | AB12: 11 | AC12: 일반 | AD12: K-IFRS(일반) | AE12: 기타수익 | AF12: 기타 | AG12: 컴투스플랫폼(기타) | AH12: 1월 | AI12: ← 컴투스 상표 로열티, 4사 공용비용 분담금
A13: 12 | B13: 4100500 | C13: 기타수익 | D13: 46053 | E13: 1094 | F13: 0 | G13: 2679557 | H13: 129380752 | I13: [매출/정산] 26년 1월 컴투스 상표 로열티_홀딩스 | J13: C103422 | K13: 주식회사 컴투스홀딩스 | L13: 000000 | M13: 회사전체 | N13: KRW | O13: 2679557 | P13: 1 | Q13: Z0000 | R13: 공통 | V13: (주)컴투스 | W13: (주)컴투스>경영전략부문>재무관리실>회계팀 | X13: 유재원 | Y13: FI20260131000438 | Z13: 1 | AA13: 전표입력 | AB13: 11 | AC13: 일반 | AD13: K-IFRS(일반) | AE13: 기타수익 | AF13: 기타 | AG13: 컴투스홀딩스(기타) | AH13: 1월 | AI13: ← 그룹사 홍보비용 정산
A14: 13 | B14: 4100500 | C14: 기타수익 | D14: 46053 | E14: 1094 | F14: 0 | G14: 612796 | H14: 129993548 | I14: [매출/정산] 26년 1월 컴투스 상표 로열티_플랫폼 | J14: C103421 | K14: 주식회사 컴투스플랫폼 | L14: 000000 | M14: 회사전체 | N14: KRW | O14: 612796 | P14: 1 | Q14: Z0000 | R14: 공통 | V14: (주)컴투스 | W14: (주)컴투스>경영전략부문>재무관리실>회계팀 | X14: 유재원 | Y14: FI20260131000438 | Z14: 4 | AA14: 전표입력 | AB14: 11 | AC14: 일반 | AD14: K-IFRS(일반) | AE14: 기타수익 | AF14: 기타 | AG14: 컴투스플랫폼(기타) | AH14: 1월 | AI14: ← 컴투스 상표 로열티, 4사 공용비용 분담금
A15: 14 | B15: 4100500 | C15: 기타수익 | D15: 46053 | E15: 1143 | F15: 0 | G15: 600000 | H15: 130593548 | I15: 1월/복리후생비/26년 1월 임원 복리후생 이용 정산 건 | J15: C103421 | K15: 주식회사 컴투스플랫폼 | L15: CS10003374 | M15: (주)컴투스>경영전략부문>인사실>인사운영팀 | N15: KRW | O15: 600000 | P15: 1 | Q15: Z0000 | R15: 공통 | S15: 세금계산서 | T15: 공통_수입결의서 | U15: 기타수익 | V15: (주)컴투스 | W15: (주)컴투스>경영전략부문>재무관리실>회계팀 | X15: 김보훈 | Y15: FI20260131001166 | Z15: 1 | AA15: 결의서입력 | AB15: 11 | AC15: 일반 | AD15: K-IFRS(일반) | AE15: 기타수익 | AF15: 기타 | AG15: 컴투스플랫폼(기타) | AH15: 1월 | AI15: ← 컴투스 상표 로열티, 4사 공용비용 분담금
A16: 16 | B16: 4100500 | C16: 기타수익 | D16: 46053 | E16: 1187 | F16: 0 | G16: 989829 | H16: 447697 | I16: 1월 선수협 퍼블리시티권 정산_공게임즈_이사만루 예정-확정 차이 (25.12 매출) | J16: C103591 | K16: (주) 공게임즈 | L16: CS10003276 | M16: (주)컴투스>사업운영센터>센트럴사업실 | N16: KRW | O16: 989829 | P16: 1 | Q16: Z0000 | R16: 공통 | V16: (주)컴투스 | W16: (주)컴투스>경영전략부문>재무관리실>회계팀 | X16: 유재원 | Y16: FI20260227000008 | Z16: 10 | AA16: 전표입력 | AB16: 11 | AC16: 일반 | AD16: K-IFRS(일반) | AE16: 기타수익 | AF16: 로열티수익 | AG16: 공게임즈 | AH16: 1월
A17: 17 | B17: 4100500 | C17: 기타수익 | D17: 46053 | E17: 1187 | F17: 0 | G17: -367497 | H17: 80200 | I17: 1월 선수협 퍼블리시티권 정산_넷마블_마구마구 예정-확정 차이 (25.12 매출) | J17: C102096 | K17: 넷마블 주식회사 | L17: CS10003276 | M17: (주)컴투스>사업운영센터>센트럴사업실 | N17: KRW | O17: -367497 | P17: 1 | Q17: Z0000 | R17: 공통 | V17: (주)컴투스 | W17: (주)컴투스>경영전략부문>재무관리실>회계팀 | X17: 유재원 | Y17: FI20260227000008 | Z17: 11 | AA17: 전표입력 | AB17: 11 | AC17: 일반 | AD17: K-IFRS(일반) | AE17: 기타수익 | AF17: 기타 | AG17: 넷마블(기타) | AH17: 1월
A18: 18 | B18: 4100500 | C18: 기타수익 | D18: 46053 | E18: 1187 | F18: 0 | G18: -80200 | H18: 0 | I18: 1월 선수협 퍼블리시티권 정산_에이스프로젝트_9UP프로야구 예정-확정 차이 (25.12 매출) | J18: C101857 | K18: 주식회사 에이스프로젝트 | L18: CS10003276 | M18: (주)컴투스>사업운영센터>센트럴사업실 | N18: KRW | O18: -80200 | P18: 1 | Q18: Z0000 | R18: 공통 | V18: (주)컴투스 | W18: (주)컴투스>경영전략부문>재무관리실>회계팀 | X18: 유재원 | Y18: FI20260227000008 | Z18: 12 | AA18: 전표입력 | AB18: 11 | AC18: 일반 | AD18: K-IFRS(일반) | AE18: 기타수익 | AF18: 로열티수익 | AG18: 에이스프로젝트 | AH18: 1월
A19: 21 | B19: 4100500 | C19: 기타수익 | D19: 46054 | E19: 22 | F19: 0 | G19: 31189 | H19: 31189 | I19: 2월/로열티 매출/ 25년 4Q KENAZ의 '서머너즈 워' IP 웹툰 6종 서비스 원작료 정산 | J19: C103236 | K19: 주식회사 케나즈 | L19: CS10003409 | M19: (주)컴투스>게임사업담당>NR사업본부>글로벌사업실>글로벌전략팀 | N19: KRW | O19: 31189 | P19: 1 | Q19: A0001 | R19: 서머너즈워 | S19: 세금계산서 | T19: 공통_수입결의서 | U19: 기타수익 | V19: (주)컴투스 | W19: (주)컴투스>경영전략부문>재무관리실>내부회계관리팀 | X19: 유재원 | Y19: FI20260201000027 | Z19: 1 | AA19: 결의서입력 | AB19: 11 | AC19: 일반 | AD19: K-IFRS(일반) | AE19: 기타수익 | AF19: 로열티수익 | AG19: 케나즈 | AH19: 2월 | AI19: ← 서머너즈워 IP 활용 웹툰 정산금
A20: 22 | B20: 4100500 | C20: 기타수익 | D20: 46080 | E20: 45 | F20: 0 | G20: 117215 | H20: 148404 | I20: 02월/기타수익_매출/워너비챌린지 OST 음원매출 | J20: C100488 | K20: (주)에스비에스콘텐츠허브 | L20: CS10003577 | M20: (주)컴투스>게임사업담당>NR사업본부>게임운영실>게임운영지원TF | N20: KRW | O20: 117215 | P20: 1 | Q20: C0007 | R20: 워너비 | S20: 세금계산서 | T20: 공통_수입결의서 | U20: 기타수익 | V20: (주)컴투스 | W20: (주)컴투스>경영전략부문>재무관리실>내부회계관리팀 | X20: 유재원 | Y20: FI20260227000054 | Z20: 1 | AA20: 결의서입력 | AB20: 11 | AC20: 일반 | AD20: K-IFRS(일반) | AE20: 기타수익 | AF20: 기타 | AG20: 에스비에스콘텐츠허브 | AH20: 2월 | AI20: ← 워너비챌린지 음원매출
A21: 23 | B21: 4100500 | C21: 기타수익 | D21: 46081 | E21: 186 | F21: 0 | G21: 835680 | H21: 984084 | I21: [기타매출] 2월 카탈리스터 전대차 임대료 | J21: C103506 | K21: 주식회사 카탈리스터 | L21: 000000 | M21: 회사전체 | N21: KRW | O21: 835680 | P21: 1 | Q21: Z0000 | R21: 공통 | V21: (주)컴투스 | W21: (주)컴투스>경영전략부문>재무관리실>회계팀 | X21: 임회원 | Y21: FI20260228000154 | Z21: 2 | AA21: 전표입력 | AB21: 11 | AC21: 일반 | AD21: K-IFRS(일반) | AE21: 기타수익 | AF21: 기타 | AG21: 카탈리스터(기타) | AH21: 2월 | AI21: ← 4사 공용비용 분담금
A22: 24 | B22: 4100500 | C22: 기타수익 | D22: 46081 | E22: 186 | F22: 0 | G22: 175000 | H22: 1159084 | I22: [기타매출] 2월 데이세븐 전대차 임대료 | J22: C102899 | K22: 주식회사 데이세븐 | L22: 000000 | M22: 회사전체 | N22: KRW | O22: 175000 | P22: 1 | Q22: Z0000 | R22: 공통 | V22: (주)컴투스 | W22: (주)컴투스>경영전략부문>재무관리실>회계팀 | X22: 임회원 | Y22: FI20260228000154 | Z22: 5 | AA22: 전표입력 | AB22: 11 | AC22: 일반 | AD22: K-IFRS(일반) | AE22: 기타수익 | AF22: 기타 | AG22: 데이세븐(기타) | AH22: 2월 | AI22: ← 전대차 임대료
A23: 25 | B23: 4100500 | C23: 기타수익 | D23: 46081 | E23: 1014 | F23: 0 | G23: 2798183 | H23: 3957267 | I23: [매출/정산] 26년 2월 컴투스 상표 로열티_홀딩스 | J23: C103422 | K23: 주식회사 컴투스홀딩스 | L23: 000000 | M23: 회사전체 | N23: KRW | O23: 2798183 | P23: 1 | Q23: Z0000 | R23: 공통 | V23: (주)컴투스 | W23: (주)컴투스>경영전략부문>재무관리실>내부회계관리팀 | X23: 유재원 | Y23: FI20260228000215 | Z23: 1 | AA23: 전표입력 | AB23: 11 | AC23: 일반 | AD23: K-IFRS(일반) | AE23: 기타수익 | AF23: 기타 | AG23: 컴투스홀딩스(기타) | AH23: 2월 | AI23: ← 그룹사 홍보비용 정산
A24: 26 | B24: 4100500 | C24: 기타수익 | D24: 46081 | E24: 1014 | F24: 0 | G24: 549265 | H24: 4506532 | I24: [매출/정산] 26년 2월 컴투스 상표 로열티_플랫폼 | J24: C103421 | K24: 주식회사 컴투스플랫폼 | L24: 000000 | M24: 회사전체 | N24: KRW | O24: 549265 | P24: 1 | Q24: Z0000 | R24: 공통 | V24: (주)컴투스 | W24: (주)컴투스>경영전략부문>재무관리실>내부회계관리팀 | X24: 유재원 | Y24: FI20260228000215 | Z24: 4 | AA24: 전표입력 | AB24: 11 | AC24: 일반 | AD24: K-IFRS(일반) | AE24: 기타수익 | AF24: 기타 | AG24: 컴투스플랫폼(기타) | AH24: 2월 | AI24: ← 컴투스 상표 로열티, 4사 공용비용 분담금
A25: 27 | B25: 4100500 | C25: 기타수익 | D25: 46081 | E25: 202 | F25: 0 | G25: 314225 | H25: 4820757 | I25: 2026년 2월 붕어빵 타이쿤 IP로열티 정산분 | J25: C103421 | K25: 주식회사 컴투스플랫폼 | L25: CS10003409 | M25: (주)컴투스>게임사업담당>NR사업본부>글로벌사업실>글로벌전략팀 | N25: KRW | O25: 314225 | P25: 1 | Q25: Z0000 | R25: 공통 | S25: 세금계산서 | T25: 공통_수입결의서 | U25: 기타수익 | V25: (주)컴투스 | W25: (주)컴투스>경영전략부문>재무관리실>내부회계관리팀 | X25: 유재원 | Y25: FI20260228000226 | Z25: 1 | AA25: 결의서입력 | AB25: 11 | AC25: 일반 | AD25: K-IFRS(일반) | AE25: 기타수익 | AF25: 기타 | AG25: 컴투스플랫폼(기타) | AH25: 2월 | AI25: ← 컴투스 상표 로열티, 4사 공용비용 분담금
A26: 28 | B26: 4100500 | C26: 기타수익 | D26: 46081 | E26: 203 | F26: 0 | G26: 17227545 | H26: 22048302 | I26: 01월/매출_수익정산/하이브로 타이니팜 매출 정산(2026년 01월) | J26: C104162 | K26: 주식회사 하이브로 | L26: CS10003276 | M26: (주)컴투스>사업운영센터>센트럴사업실 | N26: KRW | O26: 17227545 | P26: 1 | Q26: A0007 | R26: 타이니팜 | S26: 세금계산서 | T26: 공통_수입결의서 | U26: 기타수익 | V26: (주)컴투스 | W26: (주)컴투스>경영전략부문>재무관리실>내부회계관리팀 | X26: 유재원 | Y26: FI20260228000227 | Z26: 1 | AA26: 결의서입력 | AB26: 11 | AC26: 일반 | AD26: K-IFRS(일반) | AE26: 기타수익 | AF26: 기타 | AG26: 하이브로 | AH26: 2월 | AI26: ← 타이니팜/드래곤럼블 매출 정산
A27: 29 | B27: 4100500 | C27: 기타수익 | D27: 46081 | E27: 203 | F27: 0 | G27: 4734168 | H27: 26782470 | I27: 01월/매출_수익정산/하이브로 드래곤럼블 매출 정산(2026년 01월) | J27: C104162 | K27: 주식회사 하이브로 | L27: CS10003276 | M27: (주)컴투스>사업운영센터>센트럴사업실 | N27: KRW | O27: 4734168 | P27: 1 | Q27: C0029 | R27: 전투기키우기 | S27: 세금계산서 | T27: 공통_수입결의서 | U27: 기타수익 | V27: (주)컴투스 | W27: (주)컴투스>경영전략부문>재무관리실>내부회계관리팀 | X27: 유재원 | Y27: FI20260228000227 | Z27: 4 | AA27: 결의서입력 | AB27: 11 | AC27: 일반 | AD27: K-IFRS(일반) | AE27: 기타수익 | AF27: 기타 | AG27: 하이브로 | AH27: 2월 | AI27: ← 타이니팜/드래곤럼블 매출 정산
A28: 30 | B28: 4100500 | C28: 기타수익 | D28: 46081 | E28: 1041 | F28: 0 | G28: 11241702 | H28: 38024172 | I28: [매출 / 가인식] 1월 그룹사 홍보비용 정산(홀딩스) | J28: C103422 | K28: 주식회사 컴투스홀딩스 | L28: CS10003521 | M28: (주)컴투스>경영전략부문>재무관리실>회계팀 | N28: KRW | O28: 11241702 | P28: 1 | Q28: Z0000 | R28: 공통 | V28: (주)컴투스 | W28: (주)컴투스>경영전략부문>재무관리실>회계팀 | X28: 임회원 | Y28: FI20260228001061 | Z28: 1 | AA28: 전표입력 | AB28: 12 | AC28: 결산대체 | AD28: K-IFRS(일반) | AE28: 기타수익 | AF28: 기타 | AG28: 컴투스홀딩스(기타) | AH28: 2월 | AI28: ← 그룹사 홍보비용 정산
A29: 31 | B29: 4100500 | C29: 기타수익 | D29: 46081 | E29: 1041 | F29: 0 | G29: 11241702 | H29: 49265874 | I29: [매출 / 가인식] 2월 그룹사 홍보비용 정산(홀딩스) | J29: C103422 | K29: 주식회사 컴투스홀딩스 | L29: CS10003521 | M29: (주)컴투스>경영전략부문>재무관리실>회계팀 | N29: KRW | O29: 11241702 | P29: 1 | Q29: Z0000 | R29: 공통 | V29: (주)컴투스 | W29: (주)컴투스>경영전략부문>재무관리실>회계팀 | X29: 임회원 | Y29: FI20260228001061 | Z29: 3 | AA29: 전표입력 | AB29: 12 | AC29: 결산대체 | AD29: K-IFRS(일반) | AE29: 기타수익 | AF29: 기타 | AG29: 컴투스홀딩스(기타) | AH29: 2월 | AI29: ← 그룹사 홍보비용 정산
A30: 32 | B30: 4100500 | C30: 기타수익 | D30: 46081 | E30: 1041 | F30: 0 | G30: 4822897 | H30: 54088771 | I30: [매출 / 가인식] 1월 그룹사 홍보비용 정산(플랫폼) | J30: C103421 | K30: 주식회사 컴투스플랫폼 | L30: CS10003521 | M30: (주)컴투스>경영전략부문>재무관리실>회계팀 | N30: KRW | O30: 4822897 | P30: 1 | Q30: Z0000 | R30: 공통 | V30: (주)컴투스 | W30: (주)컴투스>경영전략부문>재무관리실>회계팀 | X30: 임회원 | Y30: FI20260228001061 | Z30: 5 | AA30: 전표입력 | AB30: 12 | AC30: 결산대체 | AD30: K-IFRS(일반) | AE30: 기타수익 | AF30: 기타 | AG30: 컴투스플랫폼(기타) | AH30: 2월 | AI30: ← 컴투스 상표 로열티, 4사 공용비용 분담금
A31: 33 | B31: 4100500 | C31: 기타수익 | D31: 46081 | E31: 1041 | F31: 0 | G31: 4822897 | H31: 58911668 | I31: [매출 / 가인식] 2월 그룹사 홍보비용 정산(플랫폼) | J31: C103421 | K31: 주식회사 컴투스플랫폼 | L31: CS10003521 | M31: (주)컴투스>경영전략부문>재무관리실>회계팀 | N31: KRW | O31: 4822897 | P31: 1 | Q31: Z0000 | R31: 공통 | V31: (주)컴투스 | W31: (주)컴투스>경영전략부문>재무관리실>회계팀 | X31: 임회원 | Y31: FI20260228001061 | Z31: 7 | AA31: 전표입력 | AB31: 12 | AC31: 결산대체 | AD31: K-IFRS(일반) | AE31: 기타수익 | AF31: 기타 | AG31: 컴투스플랫폼(기타) | AH31: 2월 | AI31: ← 컴투스 상표 로열티, 4사 공용비용 분담금
A32: 34 | B32: 4100500 | C32: 기타수익 | D32: 46081 | E32: 1174 | F32: 0 | G32: 9618919 | H32: 68530587 | I32: 2월 / 수입결의서 / 운영시스템 양도 1차/20260226/23/FI20260226000025-1 | J32: C103732 | K32: (주)게임테일즈 | L32: CS10003467 | M32: (주)컴투스>게임사업담당>NR사업본부>IG사업실>LT사업부 | N32: KRW | O32: 9618919 | P32: 1 | Q32: D0010 | R32: 더스타라이트 | V32: (주)컴투스 | W32: (주)컴투스>경영전략부문>재무관리실>회계팀 | X32: 김보훈 | Y32: FI20260228001185 | Z32: 2 | AA32: 전표입력 | AB32: 11 | AC32: 일반 | AD32: K-IFRS(일반) | AE32: 기타수익 | AF32: 기타 | AG32: 게임테일즈 | AH32: 2월 | AI32: ← 게임테일즈 운영시스템 양도/IP 사용료
A33: 36 | B33: 4100500 | C33: 기타수익 | D33: 46081 | E33: 185 | F33: 0 | G33: 13048244 | H33: -29529895 | I33: [기타매출 / 가인식] 2월 4사 공용비용 분담금_컴투스홀딩스 | J33: C103422 | K33: 주식회사 컴투스홀딩스 | L33: CS10003521 | M33: (주)컴투스>경영전략부문>재무관리실>회계팀 | N33: KRW | O33: 13048244 | P33: 1 | Q33: Z0000 | R33: 공통 | V33: (주)컴투스 | W33: (주)컴투스>경영전략부문>재무관리실>회계팀 | X33: 임회원 | Y33: FI20260309000001 | Z33: 2 | AA33: 전표입력 | AB33: 12 | AC33: 결산대체 | AD33: K-IFRS(일반) | AE33: 기타수익 | AF33: 기타 | AG33: 컴투스홀딩스(기타) | AH33: 2월 | AI33: ← 그룹사 홍보비용 정산
A34: 37 | B34: 4100500 | C34: 기타수익 | D34: 46081 | E34: 185 | F34: 0 | G34: 29397672 | H34: -132223 | I34: [기타매출 / 가인식] 2월 4사 공용비용 분담금_컴투스플랫폼 | J34: C103421 | K34: 주식회사 컴투스플랫폼 | L34: CS10003521 | M34: (주)컴투스>경영전략부문>재무관리실>회계팀 | N34: KRW | O34: 29397672 | P34: 1 | Q34: Z0000 | R34: 공통 | V34: (주)컴투스 | W34: (주)컴투스>경영전략부문>재무관리실>회계팀 | X34: 임회원 | Y34: FI20260309000001 | Z34: 4 | AA34: 전표입력 | AB34: 12 | AC34: 결산대체 | AD34: K-IFRS(일반) | AE34: 기타수익 | AF34: 기타 | AG34: 컴투스플랫폼(기타) | AH34: 2월 | AI34: ← 컴투스 상표 로열티, 4사 공용비용 분담금
A35: 38 | B35: 4100500 | C35: 기타수익 | D35: 46081 | E35: 185 | F35: 0 | G35: 132223 | H35: 0 | I35: [기타매출 / 가인식] 2월 4사 공용비용 분담금_카탈리스터 | J35: C103506 | K35: 주식회사 카탈리스터 | L35: CS10003521 | M35: (주)컴투스>경영전략부문>재무관리실>회계팀 | N35: KRW | O35: 132223 | P35: 1 | Q35: Z0000 | R35: 공통 | V35: (주)컴투스 | W35: (주)컴투스>경영전략부문>재무관리실>회계팀 | X35: 임회원 | Y35: FI20260309000001 | Z35: 6 | AA35: 전표입력 | AB35: 12 | AC35: 결산대체 | AD35: K-IFRS(일반) | AE35: 기타수익 | AF35: 기타 | AG35: 카탈리스터(기타) | AH35: 2월 | AI35: ← 4사 공용비용 분담금
A36: 41 | B36: 4100500 | C36: 기타수익 | D36: 46082 | E36: 38 | F36: 0 | G36: -5351351 | H36: -5351351 | I36: 2월 게임 테일즈 운영시스템 양도 1차 (20%) /원전표 FI20260228001185 | J36: C103732 | K36: (주)게임테일즈 | L36: CS10003467 | M36: (주)컴투스>게임사업담당>NR사업본부>IG사업실>LT사업부 | N36: KRW | O36: -5351351 | P36: 1 | Q36: D0010 | R36: 더스타라이트 | V36: (주)컴투스 | W36: (주)컴투스>경영전략부문>재무관리실>내부회계관리팀 | X36: 유재원 | Y36: FI20260301000033 | Z36: 4 | AA36: 전표입력 | AB36: 11 | AC36: 일반 | AD36: K-IFRS(일반) | AE36: 기타수익 | AF36: 기타 | AG36: 게임테일즈 | AH36: 3월 | AI36: ← 게임테일즈 운영시스템 양도/IP 사용료
A37: 42 | B37: 4100500 | C37: 기타수익 | D37: 46112 | E37: 205 | F37: 0 | G37: 835680 | H37: -4515671 | I37: [기타매출] 3월 카탈리스터 전대차 임대료 | J37: C103506 | K37: 주식회사 카탈리스터 | L37: 000000 | M37: 회사전체 | N37: KRW | O37: 835680 | P37: 1 | Q37: Z0000 | R37: 공통 | V37: (주)컴투스 | W37: (주)컴투스>경영전략부문>재무관리실>회계세무팀 | X37: 임회원 | Y37: FI20260331000230 | Z37: 2 | AA37: 전표입력 | AB37: 11 | AC37: 일반 | AD37: K-IFRS(일반) | AE37: 기타수익 | AF37: 기타 | AG37: 카탈리스터(기타) | AH37: 3월 | AI37: ← 4사 공용비용 분담금
A38: 43 | B38: 4100500 | C38: 기타수익 | D38: 46112 | E38: 205 | F38: 0 | G38: 175000 | H38: -4340671 | I38: [기타매출] 3월 데이세븐 전대차 임대료 | J38: C102899 | K38: 주식회사 데이세븐 | L38: 000000 | M38: 회사전체 | N38: KRW | O38: 175000 | P38: 1 | Q38: Z0000 | R38: 공통 | V38: (주)컴투스 | W38: (주)컴투스>경영전략부문>재무관리실>회계세무팀 | X38: 임회원 | Y38: FI20260331000230 | Z38: 5 | AA38: 전표입력 | AB38: 11 | AC38: 일반 | AD38: K-IFRS(일반) | AE38: 기타수익 | AF38: 기타 | AG38: 데이세븐(기타) | AH38: 3월 | AI38: ← 전대차 임대료
A39: 44 | B39: 4100500 | C39: 기타수익 | D39: 46112 | E39: 209 | F39: 0 | G39: 6986725 | H39: 2646054 | I39: [기타매출 / 확정] 3월 4사 공용비용 분담금_컴투스홀딩스 | J39: C103422 | K39: 주식회사 컴투스홀딩스 | L39: CS10003521 | M39: (주)컴투스>경영전략부문>재무관리실>회계팀 | N39: KRW | O39: 6986725 | P39: 1 | Q39: Z0000 | R39: 공통 | S39: 세금계산서 | T39: 공통_수입결의서 | U39: 기타수익 | V39: (주)컴투스 | W39: (주)컴투스>경영전략부문>재무관리실>회계세무팀 | X39: 임회원 | Y39: FI20260331000231 | Z39: 1 | AA39: 전표입력 | AB39: 11 | AC39: 일반 | AD39: K-IFRS(일반) | AE39: 기타수익 | AF39: 기타 | AG39: 컴투스홀딩스(기타) | AH39: 3월 | AI39: ← 그룹사 홍보비용 정산
A40: 45 | B40: 4100500 | C40: 기타수익 | D40: 46112 | E40: 209 | F40: 0 | G40: 27819175 | H40: 30465229 | I40: [기타매출 / 확정] 3월 4사 공용비용 분담금_컴투스플랫폼 | J40: C103421 | K40: 주식회사 컴투스플랫폼 | L40: CS10003521 | M40: (주)컴투스>경영전략부문>재무관리실>회계팀 | N40: KRW | O40: 27819175 | P40: 1 | Q40: Z0000 | R40: 공통 | S40: 세금계산서 | T40: 공통_수입결의서 | U40: 기타수익 | V40: (주)컴투스 | W40: (주)컴투스>경영전략부문>재무관리실>회계세무팀 | X40: 임회원 | Y40: FI20260331000231 | Z40: 4 | AA40: 전표입력 | AB40: 11 | AC40: 일반 | AD40: K-IFRS(일반) | AE40: 기타수익 | AF40: 기타 | AG40: 컴투스플랫폼(기타) | AH40: 3월 | AI40: ← 컴투스 상표 로열티, 4사 공용비용 분담금
A41: 46 | B41: 4100500 | C41: 기타수익 | D41: 46112 | E41: 209 | F41: 0 | G41: 39823 | H41: 30505052 | I41: [기타매출 / 확정] 3월 4사 공용비용 분담금_카탈리스터 | J41: C103506 | K41: 주식회사 카탈리스터 | L41: CS10003521 | M41: (주)컴투스>경영전략부문>재무관리실>회계팀 | N41: KRW | O41: 39823 | P41: 1 | Q41: Z0000 | R41: 공통 | S41: 세금계산서 | T41: 공통_수입결의서 | U41: 기타수익 | V41: (주)컴투스 | W41: (주)컴투스>경영전략부문>재무관리실>회계세무팀 | X41: 임회원 | Y41: FI20260331000231 | Z41: 7 | AA41: 전표입력 | AB41: 11 | AC41: 일반 | AD41: K-IFRS(일반) | AE41: 기타수익 | AF41: 기타 | AG41: 카탈리스터(기타) | AH41: 3월 | AI41: ← 4사 공용비용 분담금
A42: 47 | B42: 4100500 | C42: 기타수익 | D42: 46112 | E42: 208 | F42: 0 | G42: 11241702 | H42: 41746754 | I42: [매출 / 가인식] 3월 그룹사 홍보비용 정산(홀딩스) | J42: C103422 | K42: 주식회사 컴투스홀딩스 | L42: CS10003521 | M42: (주)컴투스>경영전략부문>재무관리실>회계팀 | N42: KRW | O42: 11241702 | P42: 1 | Q42: Z0000 | R42: 공통 | V42: (주)컴투스 | W42: (주)컴투스>경영전략부문>재무관리실>회계세무팀 | X42: 임회원 | Y42: FI20260331000236 | Z42: 1 | AA42: 전표입력 | AB42: 11 | AC42: 일반 | AD42: K-IFRS(일반) | AE42: 기타수익 | AF42: 기타 | AG42: 컴투스홀딩스(기타) | AH42: 3월 | AI42: ← 그룹사 홍보비용 정산
A43: 48 | B43: 4100500 | C43: 기타수익 | D43: 46112 | E43: 208 | F43: 0 | G43: 4822897 | H43: 46569651 | I43: [매출 / 가인식] 3월 그룹사 홍보비용 정산(플랫폼) | J43: C103421 | K43: 주식회사 컴투스플랫폼 | L43: CS10003521 | M43: (주)컴투스>경영전략부문>재무관리실>회계팀 | N43: KRW | O43: 4822897 | P43: 1 | Q43: Z0000 | R43: 공통 | V43: (주)컴투스 | W43: (주)컴투스>경영전략부문>재무관리실>회계세무팀 | X43: 임회원 | Y43: FI20260331000236 | Z43: 3 | AA43: 전표입력 | AB43: 11 | AC43: 일반 | AD43: K-IFRS(일반) | AE43: 기타수익 | AF43: 기타 | AG43: 컴투스플랫폼(기타) | AH43: 3월 | AI43: ← 컴투스 상표 로열티, 4사 공용비용 분담금
A44: 49 | B44: 4100500 | C44: 기타수익 | D44: 46112 | E44: 362 | F44: 0 | G44: 50000000 | H44: 96569651 | I44: 26년 3월 더 스타라이트 IP 기본 사용료 매출인식 | J44: C103732 | K44: (주)게임테일즈 | L44: CS10003467 | M44: (주)컴투스>게임사업담당>NR사업본부>IG사업실>LT사업부 | N44: KRW | O44: 50000000 | P44: 1 | Q44: D0010 | R44: 더스타라이트 | S44: 세금계산서 | T44: 공통_수입결의서 | U44: 기타수익 | V44: (주)컴투스 | W44: (주)컴투스>경영전략부문>재무관리실>회계세무팀 | X44: 김보훈 | Y44: FI20260331000409 | Z44: 1 | AA44: 결의서입력 | AB44: 11 | AC44: 일반 | AD44: K-IFRS(일반) | AE44: 기타수익 | AF44: 기타 | AG44: 게임테일즈 | AH44: 3월 | AI44: ← 게임테일즈 운영시스템 양도/IP 사용료
A45: 50 | B45: 4100500 | C45: 기타수익 | D45: 46112 | E45: 363 | F45: 0 | G45: 308257 | H45: 96877908 | I45: 03월/기타수익_매출/워너비챌린지 OST 음원매출 | J45: C100488 | K45: (주)에스비에스콘텐츠허브 | L45: CS10003577 | M45: (주)컴투스>게임사업담당>NR사업본부>게임운영실>게임운영지원TF | N45: KRW | O45: 308257 | P45: 1 | Q45: C0007 | R45: 워너비 | S45: 세금계산서 | T45: 공통_수입결의서 | U45: 기타수익 | V45: (주)컴투스 | W45: (주)컴투스>경영전략부문>재무관리실>회계세무팀 | X45: 김보훈 | Y45: FI20260331000410 | Z45: 1 | AA45: 결의서입력 | AB45: 11 | AC45: 일반 | AD45: K-IFRS(일반) | AE45: 기타수익 | AF45: 기타 | AG45: 에스비에스콘텐츠허브 | AH45: 3월 | AI45: ← 워너비챌린지 음원매출
A46: 51 | B46: 4100500 | C46: 기타수익 | D46: 46112 | E46: 365 | F46: 0 | G46: 23348 | H46: 96901256 | I46: 2026년 3월 붕어빵 타이쿤 IP로열티 정산분 | J46: C103421 | K46: 주식회사 컴투스플랫폼 | L46: CS10003409 | M46: (주)컴투스>게임사업담당>NR사업본부>글로벌사업실>글로벌전략팀 | N46: KRW | O46: 23348 | P46: 1 | Q46: Z0000 | R46: 공통 | S46: 세금계산서 | T46: 공통_수입결의서 | U46: 기타수익 | V46: (주)컴투스 | W46: (주)컴투스>경영전략부문>재무관리실>회계세무팀 | X46: 김보훈 | Y46: FI20260331000412 | Z46: 1 | AA46: 결의서입력 | AB46: 11 | AC46: 일반 | AD46: K-IFRS(일반) | AE46: 기타수익 | AF46: 기타 | AG46: 컴투스플랫폼(기타) | AH46: 3월 | AI46: ← 컴투스 상표 로열티, 4사 공용비용 분담금
A47: 52 | B47: 4100500 | C47: 기타수익 | D47: 46112 | E47: 367 | F47: 0 | G47: 28445172 | H47: 125346428 | I47: 3월/매출_로열티정산/밸로프 제노니아 로열티 정산(2026년 3월) | J47: C103189 | K47: (주)밸로프(VALOFE Co., Ltd) | L47: CS10003276 | M47: (주)컴투스>사업운영센터>센트럴사업실 | N47: KRW | O47: 28445172 | P47: 1 | Q47: A0019 | R47: 제노니아 | S47: 세금계산서 | T47: 공통_수입결의서 | U47: 기타수익 | V47: (주)컴투스 | W47: (주)컴투스>경영전략부문>재무관리실>회계세무팀 | X47: 김보훈 | Y47: FI20260331000415 | Z47: 1 | AA47: 결의서입력 | AB47: 11 | AC47: 일반 | AD47: K-IFRS(일반) | AE47: 기타수익 | AF47: 로열티수익 | AG47: 밸로프(로열티) | AH47: 3월 | AI47: ← 제노니아/루니아전기 로열티
A48: 53 | B48: 4100500 | C48: 기타수익 | D48: 46112 | E48: 369 | F48: 0 | G48: 16914524 | H48: 142260952 | I48: 02월/매출_수익정산/하이브로 타이니팜 매출 정산(2026년 02월) | J48: C104162 | K48: 주식회사 하이브로 | L48: CS10003276 | M48: (주)컴투스>사업운영센터>센트럴사업실 | N48: KRW | O48: 16914524 | P48: 1 | Q48: A0007 | R48: 타이니팜 | S48: 세금계산서 | T48: 공통_수입결의서 | U48: 기타수익 | V48: (주)컴투스 | W48: (주)컴투스>경영전략부문>재무관리실>회계세무팀 | X48: 김보훈 | Y48: FI20260331000417 | Z48: 1 | AA48: 결의서입력 | AB48: 11 | AC48: 일반 | AD48: K-IFRS(일반) | AE48: 기타수익 | AF48: 기타 | AG48: 하이브로 | AH48: 3월 | AI48: ← 타이니팜/드래곤럼블 매출 정산
A49: 54 | B49: 4100500 | C49: 기타수익 | D49: 46112 | E49: 369 | F49: 0 | G49: 2606428 | H49: 144867380 | I49: 02월/매출_수익정산/하이브로 드래곤럼블 매출 정산(2026년 02월) | J49: C104162 | K49: 주식회사 하이브로 | L49: CS10003276 | M49: (주)컴투스>사업운영센터>센트럴사업실 | N49: KRW | O49: 2606428 | P49: 1 | Q49: C0029 | R49: 전투기키우기 | S49: 세금계산서 | T49: 공통_수입결의서 | U49: 기타수익 | V49: (주)컴투스 | W49: (주)컴투스>경영전략부문>재무관리실>회계세무팀 | X49: 김보훈 | Y49: FI20260331000417 | Z49: 4 | AA49: 결의서입력 | AB49: 11 | AC49: 일반 | AD49: K-IFRS(일반) | AE49: 기타수익 | AF49: 기타 | AG49: 하이브로 | AH49: 3월 | AI49: ← 타이니팜/드래곤럼블 매출 정산
A50: 55 | B50: 4100500 | C50: 기타수익 | D50: 46112 | E50: 370 | F50: 0 | G50: 5606930 | H50: 150474310 | I50: 01월/매출_수익정산/워킹데드:올스타즈 매출 정산(2026년 1분기) | J50: C103422 | K50: 주식회사 컴투스홀딩스 | L50: CS10003276 | M50: (주)컴투스>사업운영센터>센트럴사업실 | N50: KRW | O50: 5606930 | P50: 1 | Q50: E0007 | R50: 워킹데드:올스타즈 | S50: 세금계산서 | T50: 공통_수입결의서 | U50: 기타수익 | V50: (주)컴투스 | W50: (주)컴투스>경영전략부문>재무관리실>회계세무팀 | X50: 김보훈 | Y50: FI20260331000418 | Z50: 1 | AA50: 결의서입력 | AB50: 11 | AC50: 일반 | AD50: K-IFRS(일반) | AE50: 기타수익 | AF50: 기타 | AG50: 컴투스홀딩스(기타) | AH50: 3월 | AI50: ← 그룹사 홍보비용 정산
A51: 56 | B51: 4100500 | C51: 기타수익 | D51: 46112 | E51: 1356 | F51: 0 | G51: 2241402 | H51: 152715712 | I51: [매출/정산] 26년 3월 컴투스 상표 로열티_홀딩스 | J51: C103422 | K51: 주식회사 컴투스홀딩스 | L51: 000000 | M51: 회사전체 | N51: KRW | O51: 2241402 | P51: 1 | Q51: Z0000 | R51: 공통 | V51: (주)컴투스 | W51: (주)컴투스>경영전략부문>재무관리실>회계세무팀 | X51: 김보훈 | Y51: FI20260331001384 | Z51: 1 | AA51: 전표입력 | AB51: 11 | AC51: 일반 | AD51: K-IFRS(일반) | AE51: 기타수익 | AF51: 기타 | AG51: 컴투스홀딩스(기타) | AH51: 3월 | AI51: ← 그룹사 홍보비용 정산
A52: 57 | B52: 4100500 | C52: 기타수익 | D52: 46112 | E52: 1356 | F52: 0 | G52: 918925 | H52: 153634637 | I52: [매출/정산] 26년 3월 컴투스 상표 로열티_플랫폼 | J52: C103422 | K52: 주식회사 컴투스홀딩스 | L52: 000000 | M52: 회사전체 | N52: KRW | O52: 918925 | P52: 1 | Q52: Z0000 | R52: 공통 | V52: (주)컴투스 | W52: (주)컴투스>경영전략부문>재무관리실>회계세무팀 | X52: 김보훈 | Y52: FI20260331001384 | Z52: 4 | AA52: 전표입력 | AB52: 11 | AC52: 일반 | AD52: K-IFRS(일반) | AE52: 기타수익 | AF52: 기타 | AG52: 컴투스홀딩스(기타) | AH52: 3월 | AI52: ← 그룹사 홍보비용 정산
A53: 58 | B53: 4100500 | C53: 기타수익 | D53: 46112 | E53: 1360 | F53: 0 | G53: -5273300 | H53: 148361337 | I53: 과천펜타원 관리비 관련 계정대체 | J53: C104173 | K53: 과천펜타원 관리단 | L53: CS10003379 | M53: (주)컴투스>가치경영본부>업무지원실>공간문화팀 | N53: KRW | O53: -5273300 | P53: 1 | Q53: Z0000 | R53: 공통 | V53: (주)컴투스 | W53: (주)컴투스>경영전략부문>재무관리실>회계세무팀 | X53: 김태현 | Y53: FI20260331001389 | Z53: 1 | AA53: 전표입력 | AB53: 11 | AC53: 일반 | AD53: K-IFRS(일반) | AE53: 기타수익 | AF53: 기타 | AG53: 과천펜타원 관리단 | AH53: 3월 | AI53: 과천펜타원 공실에 따른 주차수익, 계정대체
A54: 59 | B54: 4100500 | C54: 기타수익 | D54: 46112 | E54: 1361 | F54: 0 | G54: 5273300 | H54: 153634637 | I54: 과천펜타원 공실에 다른 주차수익 | J54: C104173 | K54: 과천펜타원 관리단 | L54: CS10003379 | M54: (주)컴투스>가치경영본부>업무지원실>공간문화팀 | N54: KRW | O54: 5273300 | P54: 1 | Q54: Z0000 | R54: 공통 | S54: 수취제외대상 | T54: 공통_수입결의서 | U54: 기타수익 | V54: (주)컴투스 | W54: (주)컴투스>경영전략부문>재무관리실>회계세무팀 | X54: 김태현 | Y54: FI20260331001390 | Z54: 1 | AA54: 결의서입력 | AB54: 11 | AC54: 일반 | AD54: K-IFRS(일반) | AE54: 기타수익 | AF54: 기타 | AG54: 과천펜타원 관리단 | AH54: 3월 | AI54: 과천펜타원 공실에 따른 주차수익, 계정대체
A55: 60 | B55: 4100500 | C55: 기타수익 | D55: 46112 | E55: 1414 | F55: 0 | G55: 38159602 | H55: 191794239 | I55: 3월 선수협 퍼블리시티권 정산_공게임즈_이사만루 | J55: C103591 | K55: (주) 공게임즈 | L55: 000000 | M55: 회사전체 | N55: KRW | O55: 38159602 | P55: 1 | Q55: Z0000 | R55: 공통 | V55: (주)컴투스 | W55: (주)컴투스>경영전략부문>재무관리실>회계세무팀 | X55: 김보훈 | Y55: FI20260331001413 | Z55: 1 | AA55: 전표입력 | AB55: 11 | AC55: 일반 | AD55: K-IFRS(일반) | AE55: 기타수익 | AF55: 로열티수익 | AG55: 공게임즈 | AH55: 3월
A56: 61 | B56: 4100500 | C56: 기타수익 | D56: 46112 | E56: 1414 | F56: 0 | G56: 56637702 | H56: 248431941 | I56: 3월 선수협 퍼블리시티권 정산_네오위즈_슬리거(PC) | J56: C103592 | K56: (주) 네오위즈스포츠 | L56: 000000 | M56: 회사전체 | N56: KRW | O56: 56637702 | P56: 1 | Q56: Z0000 | R56: 공통 | V56: (주)컴투스 | W56: (주)컴투스>경영전략부문>재무관리실>회계세무팀 | X56: 김보훈 | Y56: FI20260331001413 | Z56: 2 | AA56: 전표입력 | AB56: 11 | AC56: 일반 | AD56: K-IFRS(일반) | AE56: 기타수익 | AF56: 로열티수익 | AG56: 네오위즈스포츠 | AH56: 3월
A57: 62 | B57: 4100500 | C57: 기타수익 | D57: 46112 | E57: 1414 | F57: 0 | G57: 65888200 | H57: 314320141 | I57: 3월 선수협 퍼블리시티권 정산_넷마블_마구마구 리마스터(PC) | J57: C102096 | K57: 넷마블 주식회사 | L57: 000000 | M57: 회사전체 | N57: KRW | O57: 65888200 | P57: 1 | Q57: Z0000 | R57: 공통 | V57: (주)컴투스 | W57: (주)컴투스>경영전략부문>재무관리실>회계세무팀 | X57: 김보훈 | Y57: FI20260331001413 | Z57: 3 | AA57: 전표입력 | AB57: 11 | AC57: 일반 | AD57: K-IFRS(일반) | AE57: 기타수익 | AF57: 기타 | AG57: 넷마블(기타) | AH57: 3월
A58: 63 | B58: 4100500 | C58: 기타수익 | D58: 46112 | E58: 1414 | F58: 0 | G58: 65377785 | H58: 379697926 | I58: 3월 선수협 퍼블리시티권 정산_넷마블_마구마구 | J58: C102096 | K58: 넷마블 주식회사 | L58: 000000 | M58: 회사전체 | N58: KRW | O58: 65377785 | P58: 1 | Q58: Z0000 | R58: 공통 | V58: (주)컴투스 | W58: (주)컴투스>경영전략부문>재무관리실>회계세무팀 | X58: 김보훈 | Y58: FI20260331001413 | Z58: 4 | AA58: 전표입력 | AB58: 11 | AC58: 일반 | AD58: K-IFRS(일반) | AE58: 기타수익 | AF58: 기타 | AG58: 넷마블(기타) | AH58: 3월
A59: 64 | B59: 4100500 | C59: 기타수익 | D59: 46112 | E59: 1414 | F59: 0 | G59: 11340931 | H59: 391038857 | I59: 3월 선수협 퍼블리시티권 정산_에이스프로젝트_9UP프로야구 | J59: C101857 | K59: 주식회사 에이스프로젝트 | L59: 000000 | M59: 회사전체 | N59: KRW | O59: 11340931 | P59: 1 | Q59: Z0000 | R59: 공통 | V59: (주)컴투스 | W59: (주)컴투스>경영전략부문>재무관리실>회계세무팀 | X59: 김보훈 | Y59: FI20260331001413 | Z59: 5 | AA59: 전표입력 | AB59: 11 | AC59: 일반 | AD59: K-IFRS(일반) | AE59: 기타수익 | AF59: 로열티수익 | AG59: 에이스프로젝트 | AH59: 3월
A60: 65 | B60: 4100500 | C60: 기타수익 | D60: 46112 | E60: 1414 | F60: 0 | G60: 1631962 | H60: 392670819 | I60: 3월 선수협 퍼블리시티권 정산_위메이드_판타스틱 베이스볼 | J60: C101989 | K60: 주식회사 위메이드 | L60: 000000 | M60: 회사전체 | N60: KRW | O60: 1631962 | P60: 1 | Q60: Z0000 | R60: 공통 | V60: (주)컴투스 | W60: (주)컴투스>경영전략부문>재무관리실>회계세무팀 | X60: 김보훈 | Y60: FI20260331001413 | Z60: 6 | AA60: 전표입력 | AB60: 11 | AC60: 일반 | AD60: K-IFRS(일반) | AE60: 기타수익 | AF60: 로열티수익 | AG60: 위메이드 | AH60: 3월 | AI60: ← 바터광고
A61: 69 | B61: 4100500 | C61: 기타수익 | D61: 46113 | E61: 54 | F61: 0 | G61: -918925 | H61: -918925 | I61: [매출/정산] 26년 3월 컴투스 상표 로열티_플랫폼_거래처수정 | J61: C103422 | K61: 주식회사 컴투스홀딩스 | L61: 000000 | M61: 회사전체 | N61: KRW | O61: -918925 | P61: 1 | Q61: Z0000 | R61: 공통 | V61: (주)컴투스 | W61: (주)컴투스>경영전략부문>재무관리실>회계세무팀 | X61: 임회원 | Y61: FI20260401000075 | Z61: 1 | AA61: 전표입력 | AB61: 11 | AC61: 일반 | AD61: K-IFRS(일반) | AE61: 기타수익 | AF61: 기타 | AG61: 컴투스홀딩스(기타) | AH61: 4월 | AI61: ← 그룹사 홍보비용 정산
A62: 70 | B62: 4100500 | C62: 기타수익 | D62: 46113 | E62: 54 | F62: 0 | G62: 918925 | H62: 0 | I62: [매출/정산] 26년 3월 컴투스 상표 로열티_플랫폼_거래처수정 | J62: C103421 | K62: 주식회사 컴투스플랫폼 | L62: 000000 | M62: 회사전체 | N62: KRW | O62: 918925 | P62: 1 | Q62: Z0000 | R62: 공통 | V62: (주)컴투스 | W62: (주)컴투스>경영전략부문>재무관리실>회계세무팀 | X62: 임회원 | Y62: FI20260401000075 | Z62: 2 | AA62: 전표입력 | AB62: 11 | AC62: 일반 | AD62: K-IFRS(일반) | AE62: 기타수익 | AF62: 기타 | AG62: 컴투스플랫폼(기타) | AH62: 4월 | AI62: ← 컴투스 상표 로열티, 4사 공용비용 분담금
A63: 71 | B63: 4100500 | C63: 기타수익 | D63: 46113 | E63: 73 | F63: 0 | G63: -11241702 | H63: -11241702 | I63: [매출 / 가인식] 1월 그룹사 홍보비용 정산(홀딩스) | J63: C103422 | K63: 주식회사 컴투스홀딩스 | L63: CS10003521 | M63: (주)컴투스>경영전략부문>재무관리실>회계팀 | N63: KRW | O63: -11241702 | P63: 1 | Q63: Z0000 | R63: 공통 | V63: (주)컴투스 | W63: (주)컴투스>경영전략부문>재무관리실>회계세무팀 | X63: 임회원 | Y63: FI20260401000099 | Z63: 1 | AA63: 역분개전표처리 | AB63: 13 | AC63: 결산역분개 | AD63: K-IFRS(일반) | AE63: 기타수익 | AF63: 기타 | AG63: 컴투스홀딩스(기타) | AH63: 4월 | AI63: ← 그룹사 홍보비용 정산
A64: 72 | B64: 4100500 | C64: 기타수익 | D64: 46113 | E64: 73 | F64: 0 | G64: -11241702 | H64: -22483404 | I64: [매출 / 가인식] 2월 그룹사 홍보비용 정산(홀딩스) | J64: C103422 | K64: 주식회사 컴투스홀딩스 | L64: CS10003521 | M64: (주)컴투스>경영전략부문>재무관리실>회계팀 | N64: KRW | O64: -11241702 | P64: 1 | Q64: Z0000 | R64: 공통 | V64: (주)컴투스 | W64: (주)컴투스>경영전략부문>재무관리실>회계세무팀 | X64: 임회원 | Y64: FI20260401000099 | Z64: 3 | AA64: 역분개전표처리 | AB64: 13 | AC64: 결산역분개 | AD64: K-IFRS(일반) | AE64: 기타수익 | AF64: 기타 | AG64: 컴투스홀딩스(기타) | AH64: 4월 | AI64: ← 그룹사 홍보비용 정산
A65: 73 | B65: 4100500 | C65: 기타수익 | D65: 46113 | E65: 73 | F65: 0 | G65: -4822897 | H65: -27306301 | I65: [매출 / 가인식] 1월 그룹사 홍보비용 정산(플랫폼) | J65: C103421 | K65: 주식회사 컴투스플랫폼 | L65: CS10003521 | M65: (주)컴투스>경영전략부문>재무관리실>회계팀 | N65: KRW | O65: -4822897 | P65: 1 | Q65: Z0000 | R65: 공통 | V65: (주)컴투스 | W65: (주)컴투스>경영전략부문>재무관리실>회계세무팀 | X65: 임회원 | Y65: FI20260401000099 | Z65: 5 | AA65: 역분개전표처리 | AB65: 13 | AC65: 결산역분개 | AD65: K-IFRS(일반) | AE65: 기타수익 | AF65: 기타 | AG65: 컴투스플랫폼(기타) | AH65: 4월 | AI65: ← 컴투스 상표 로열티, 4사 공용비용 분담금
A66: 74 | B66: 4100500 | C66: 기타수익 | D66: 46113 | E66: 73 | F66: 0 | G66: -4822897 | H66: -32129198 | I66: [매출 / 가인식] 2월 그룹사 홍보비용 정산(플랫폼) | J66: C103421 | K66: 주식회사 컴투스플랫폼 | L66: CS10003521 | M66: (주)컴투스>경영전략부문>재무관리실>회계팀 | N66: KRW | O66: -4822897 | P66: 1 | Q66: Z0000 | R66: 공통 | V66: (주)컴투스 | W66: (주)컴투스>경영전략부문>재무관리실>회계세무팀 | X66: 임회원 | Y66: FI20260401000099 | Z66: 7 | AA66: 역분개전표처리 | AB66: 13 | AC66: 결산역분개 | AD66: K-IFRS(일반) | AE66: 기타수익 | AF66: 기타 | AG66: 컴투스플랫폼(기타) | AH66: 4월 | AI66: ← 컴투스 상표 로열티, 4사 공용비용 분담금
A67: 75 | B67: 4100500 | C67: 기타수익 | D67: 46113 | E67: 69 | F67: 0 | G67: -11241702 | H67: -43370900 | I67: [매출 / 가인식] 3월 그룹사 홍보비용 정산(홀딩스) / 역분개 | J67: C103422 | K67: 주식회사 컴투스홀딩스 | L67: CS10003521 | M67: (주)컴투스>경영전략부문>재무관리실>회계팀 | N67: KRW | O67: -11241702 | P67: 1 | Q67: Z0000 | R67: 공통 | V67: (주)컴투스 | W67: (주)컴투스>경영전략부문>재무관리실>회계세무팀 | X67: 임회원 | Y67: FI20260401000100 | Z67: 1 | AA67: 전표입력 | AB67: 11 | AC67: 일반 | AD67: K-IFRS(일반) | AE67: 기타수익 | AF67: 기타 | AG67: 컴투스홀딩스(기타) | AH67: 4월 | AI67: ← 그룹사 홍보비용 정산
A68: 76 | B68: 4100500 | C68: 기타수익 | D68: 46113 | E68: 69 | F68: 0 | G68: -4822897 | H68: -48193797 | I68: [매출 / 가인식] 3월 그룹사 홍보비용 정산(플랫폼) / 역분개 | J68: C103421 | K68: 주식회사 컴투스플랫폼 | L68: CS10003521 | M68: (주)컴투스>경영전략부문>재무관리실>회계팀 | N68: KRW | O68: -4822897 | P68: 1 | Q68: Z0000 | R68: 공통 | V68: (주)컴투스 | W68: (주)컴투스>경영전략부문>재무관리실>회계세무팀 | X68: 임회원 | Y68: FI20260401000100 | Z68: 3 | AA68: 전표입력 | AB68: 11 | AC68: 일반 | AD68: K-IFRS(일반) | AE68: 기타수익 | AF68: 기타 | AG68: 컴투스플랫폼(기타) | AH68: 4월 | AI68: ← 컴투스 상표 로열티, 4사 공용비용 분담금
A69: 77 | B69: 4100500 | C69: 기타수익 | D69: 46113 | E69: 80 | F69: 0 | G69: 36246072 | H69: -11947725 | I69: 26년 3월 더 스타라이트 IP 추가 사용료 매출인식 | J69: C103732 | K69: (주)게임테일즈 | L69: CS10003467 | M69: (주)컴투스>게임사업담당>NR사업본부>IG사업실>LT사업부 | N69: KRW | O69: 36246072 | P69: 1 | Q69: D0010 | R69: 더스타라이트 | S69: 세금계산서 | T69: 공통_수입결의서 | U69: 기타수익 | V69: (주)컴투스 | W69: (주)컴투스>경영전략부문>재무관리실>회계세무팀 | X69: 김보훈 | Y69: FI20260401000109 | Z69: 1 | AA69: 결의서입력 | AB69: 11 | AC69: 일반 | AD69: K-IFRS(일반) | AE69: 기타수익 | AF69: 기타 | AG69: 게임테일즈 | AH69: 4월 | AI69: ← 게임테일즈 운영시스템 양도/IP 사용료
A70: 78 | B70: 4100500 | C70: 기타수익 | D70: 46113 | E70: 82 | F70: 0 | G70: 270330 | H70: -11677395 | I70: 2026년 1분기/ 매출_CDN 비용 정산 / 밸로프 아카마이 CDN 비용 정산 (2026년 1분기) | J70: C103189 | K70: (주)밸로프(VALOFE Co., Ltd) | L70: CS10003276 | M70: (주)컴투스>사업운영센터>센트럴사업실 | N70: KRW | O70: 270330 | P70: 1 | Q70: A0019 | R70: 제노니아 | S70: 세금계산서 | T70: 공통_수입결의서 | U70: 기타수익 | V70: (주)컴투스 | W70: (주)컴투스>경영전략부문>재무관리실>회계세무팀 | X70: 김보훈 | Y70: FI20260401000111 | Z70: 1 | AA70: 결의서입력 | AB70: 11 | AC70: 일반 | AD70: K-IFRS(일반) | AE70: 기타수익 | AF70: 로열티수익 | AG70: 밸로프(로열티) | AH70: 4월 | AI70: ← 제노니아/루니아전기 로열티
A71: 79 | B71: 4100500 | C71: 기타수익 | D71: 46136 | E71: 10 | F71: 0 | G71: 33374839 | H71: 21697444 | I71: 2026년도 1분기 그룹사 홍보비용 정산 | J71: C103422 | K71: 주식회사 컴투스홀딩스 | L71: 0100031561 | M71: (주)컴투스>경영전략부문>전략홍보실>커뮤니케이션1팀 | N71: KRW | O71: 33374839 | P71: 1 | Q71: Z0000 | R71: 공통 | S71: 세금계산서 | T71: 공통_수입결의서 | U71: 기타수익 | V71: (주)컴투스 | W71: (주)컴투스>경영전략부문>재무관리실>회계세무팀 | X71: 임회원 | Y71: FI20260424000014 | Z71: 1 | AA71: 결의서입력 | AB71: 11 | AC71: 일반 | AD71: K-IFRS(일반) | AE71: 기타수익 | AF71: 기타 | AG71: 컴투스홀딩스(기타) | AH71: 4월 | AI71: ← 그룹사 홍보비용 정산
A72: 80 | B72: 4100500 | C72: 기타수익 | D72: 46136 | E72: 10 | F72: 0 | G72: 26822391 | H72: 48519835 | I72: 2026년도 1분기 그룹사 홍보비용 정산 | J72: C103421 | K72: 주식회사 컴투스플랫폼 | L72: 0100031561 | M72: (주)컴투스>경영전략부문>전략홍보실>커뮤니케이션1팀 | N72: KRW | O72: 26822391 | P72: 1 | Q72: Z0000 | R72: 공통 | S72: 세금계산서 | T72: 공통_수입결의서 | U72: 기타수익 | V72: (주)컴투스 | W72: (주)컴투스>경영전략부문>재무관리실>회계세무팀 | X72: 임회원 | Y72: FI20260424000014 | Z72: 4 | AA72: 결의서입력 | AB72: 11 | AC72: 일반 | AD72: K-IFRS(일반) | AE72: 기타수익 | AF72: 기타 | AG72: 컴투스플랫폼(기타) | AH72: 4월 | AI72: ← 컴투스 상표 로열티, 4사 공용비용 분담금
A73: 81 | B73: 4100500 | C73: 기타수익 | D73: 46142 | E73: 1121 | F73: 0 | G73: 11124946 | H73: 59644781 | I73: [매출 / 가인식] 4월 그룹사 홍보비용 정산(홀딩스) | J73: C103422 | K73: 주식회사 컴투스홀딩스 | L73: CS10003521 | M73: (주)컴투스>경영전략부문>재무관리실>회계팀 | N73: KRW | O73: 11124946 | P73: 1 | Q73: Z0000 | R73: 공통 | V73: (주)컴투스 | W73: (주)컴투스>경영전략부문>재무관리실>회계세무팀 | X73: 임회원 | Y73: FI20260430001150 | Z73: 1 | AA73: 전표입력 | AB73: 12 | AC73: 결산대체 | AD73: K-IFRS(일반) | AE73: 기타수익 | AF73: 기타 | AG73: 컴투스홀딩스(기타) | AH73: 4월 | AI73: ← 그룹사 홍보비용 정산
A74: 82 | B74: 4100500 | C74: 기타수익 | D74: 46142 | E74: 1121 | F74: 0 | G74: 8940797 | H74: 68585578 | I74: [매출 / 가인식] 4월 그룹사 홍보비용 정산(플랫폼) | J74: C103421 | K74: 주식회사 컴투스플랫폼 | L74: CS10003521 | M74: (주)컴투스>경영전략부문>재무관리실>회계팀 | N74: KRW | O74: 8940797 | P74: 1 | Q74: Z0000 | R74: 공통 | V74: (주)컴투스 | W74: (주)컴투스>경영전략부문>재무관리실>회계세무팀 | X74: 임회원 | Y74: FI20260430001150 | Z74: 3 | AA74: 전표입력 | AB74: 12 | AC74: 결산대체 | AD74: K-IFRS(일반) | AE74: 기타수익 | AF74: 기타 | AG74: 컴투스플랫폼(기타) | AH74: 4월 | AI74: ← 컴투스 상표 로열티, 4사 공용비용 분담금
A75: 83 | B75: 4100500 | C75: 기타수익 | D75: 46142 | E75: 1144 | F75: 0 | G75: 11027738 | H75: 79613316 | I75: [기타매출 / 가인식] 4월 4사 공용비용 분담금_컴투스홀딩스 | J75: C103422 | K75: 주식회사 컴투스홀딩스 | L75: CS10003521 | M75: (주)컴투스>경영전략부문>재무관리실>회계팀 | N75: KRW | O75: 11027738 | P75: 1 | Q75: Z0000 | R75: 공통 | V75: (주)컴투스 | W75: (주)컴투스>경영전략부문>재무관리실>회계세무팀 | X75: 임회원 | Y75: FI20260430001154 | Z75: 2 | AA75: 전표입력 | AB75: 12 | AC75: 결산대체 | AD75: K-IFRS(일반) | AE75: 기타수익 | AF75: 기타 | AG75: 컴투스홀딩스(기타) | AH75: 4월 | AI75: ← 그룹사 홍보비용 정산
A76: 84 | B76: 4100500 | C76: 기타수익 | D76: 46142 | E76: 1144 | F76: 0 | G76: 28871506 | H76: 108484822 | I76: [기타매출 / 가인식] 4월 4사 공용비용 분담금_컴투스플랫폼 | J76: C103421 | K76: 주식회사 컴투스플랫폼 | L76: CS10003521 | M76: (주)컴투스>경영전략부문>재무관리실>회계팀 | N76: KRW | O76: 28871506 | P76: 1 | Q76: Z0000 | R76: 공통 | V76: (주)컴투스 | W76: (주)컴투스>경영전략부문>재무관리실>회계세무팀 | X76: 임회원 | Y76: FI20260430001154 | Z76: 4 | AA76: 전표입력 | AB76: 12 | AC76: 결산대체 | AD76: K-IFRS(일반) | AE76: 기타수익 | AF76: 기타 | AG76: 컴투스플랫폼(기타) | AH76: 4월 | AI76: ← 컴투스 상표 로열티, 4사 공용비용 분담금
A77: 85 | B77: 4100500 | C77: 기타수익 | D77: 46142 | E77: 1144 | F77: 0 | G77: 101423 | H77: 108586245 | I77: [기타매출 / 가인식] 4월 4사 공용비용 분담금_카탈리스터 | J77: C103506 | K77: 주식회사 카탈리스터 | L77: CS10003521 | M77: (주)컴투스>경영전략부문>재무관리실>회계팀 | N77: KRW | O77: 101423 | P77: 1 | Q77: Z0000 | R77: 공통 | V77: (주)컴투스 | W77: (주)컴투스>경영전략부문>재무관리실>회계세무팀 | X77: 임회원 | Y77: FI20260430001154 | Z77: 6 | AA77: 전표입력 | AB77: 12 | AC77: 결산대체 | AD77: K-IFRS(일반) | AE77: 기타수익 | AF77: 기타 | AG77: 카탈리스터(기타) | AH77: 4월 | AI77: ← 4사 공용비용 분담금
A78: 86 | B78: 4100500 | C78: 기타수익 | D78: 46142 | E78: 1131 | F78: 0 | G78: 835680 | H78: 109421925 | I78: [기타매출] 4월 카탈리스터 전대차 임대료 | J78: C103506 | K78: 주식회사 카탈리스터 | L78: CS10003521 | M78: (주)컴투스>경영전략부문>재무관리실>회계팀 | N78: KRW | O78: 835680 | P78: 1 | Q78: Z0000 | R78: 공통 | V78: (주)컴투스 | W78: (주)컴투스>경영전략부문>재무관리실>회계세무팀 | X78: 임회원 | Y78: FI20260430001182 | Z78: 3 | AA78: 전표입력 | AB78: 11 | AC78: 일반 | AD78: K-IFRS(일반) | AE78: 기타수익 | AF78: 기타 | AG78: 카탈리스터(기타) | AH78: 4월 | AI78: ← 4사 공용비용 분담금
A79: 87 | B79: 4100500 | C79: 기타수익 | D79: 46142 | E79: 1131 | F79: 0 | G79: 175000 | H79: 109596925 | I79: [기타매출] 4월 데이세븐 전대차 임대료 | J79: C102899 | K79: 주식회사 데이세븐 | L79: CS10003521 | M79: (주)컴투스>경영전략부문>재무관리실>회계팀 | N79: KRW | O79: 175000 | P79: 1 | Q79: Z0000 | R79: 공통 | V79: (주)컴투스 | W79: (주)컴투스>경영전략부문>재무관리실>회계세무팀 | X79: 임회원 | Y79: FI20260430001182 | Z79: 6 | AA79: 전표입력 | AB79: 11 | AC79: 일반 | AD79: K-IFRS(일반) | AE79: 기타수익 | AF79: 기타 | AG79: 데이세븐(기타) | AH79: 4월 | AI79: ← 전대차 임대료
A80: 88 | B80: 4100500 | C80: 기타수익 | D80: 46142 | E80: 1215 | F80: 0 | G80: 140822 | H80: 109737747 | I80: 04월/기타수익_매출/워너비챌린지 OST 음원매출 | J80: C100488 | K80: (주)에스비에스콘텐츠허브 | L80: CS10003577 | M80: (주)컴투스>게임사업담당>NR사업본부>게임운영실>게임운영지원TF | N80: KRW | O80: 140822 | P80: 1 | Q80: C0007 | R80: 워너비 | S80: 세금계산서 | T80: 공통_수입결의서 | U80: 기타수익 | V80: (주)컴투스 | W80: (주)컴투스>경영전략부문>재무관리실>회계세무팀 | X80: 김보훈 | Y80: FI20260430001250 | Z80: 1 | AA80: 결의서입력 | AB80: 11 | AC80: 일반 | AD80: K-IFRS(일반) | AE80: 기타수익 | AF80: 기타 | AG80: 에스비에스콘텐츠허브 | AH80: 4월 | AI80: ← 워너비챌린지 음원매출
A81: 89 | B81: 4100500 | C81: 기타수익 | D81: 46142 | E81: 1216 | F81: 0 | G81: 162700 | H81: 109900447 | I81: 2026년 4월 붕어빵 타이쿤 IP로열티 정산분 | J81: C103421 | K81: 주식회사 컴투스플랫폼 | L81: CS10003409 | M81: (주)컴투스>게임사업담당>NR사업본부>글로벌사업실>글로벌전략팀 | N81: KRW | O81: 162700 | P81: 1 | Q81: Z0000 | R81: 공통 | S81: 세금계산서 | T81: 공통_수입결의서 | U81: 기타수익 | V81: (주)컴투스 | W81: (주)컴투스>경영전략부문>재무관리실>회계세무팀 | X81: 김보훈 | Y81: FI20260430001251 | Z81: 1 | AA81: 결의서입력 | AB81: 11 | AC81: 일반 | AD81: K-IFRS(일반) | AE81: 기타수익 | AF81: 기타 | AG81: 컴투스플랫폼(기타) | AH81: 4월 | AI81: ← 컴투스 상표 로열티, 4사 공용비용 분담금
A82: 90 | B82: 4100500 | C82: 기타수익 | D82: 46142 | E82: 1217 | F82: 0 | G82: 23759 | H82: 109924206 | I82: 4월/로열티 매출/26년 1Q KENAZ의 '서머너즈 워' IP 웹툰 6종 서비스 원작료 정산 | J82: C103236 | K82: 주식회사 케나즈 | L82: CS10003409 | M82: (주)컴투스>게임사업담당>NR사업본부>글로벌사업실>글로벌전략팀 | N82: KRW | O82: 23759 | P82: 1 | Q82: A0001 | R82: 서머너즈워 | S82: 세금계산서 | T82: 공통_수입결의서 | U82: 기타수익 | V82: (주)컴투스 | W82: (주)컴투스>경영전략부문>재무관리실>회계세무팀 | X82: 김보훈 | Y82: FI20260430001252 | Z82: 1 | AA82: 결의서입력 | AB82: 11 | AC82: 일반 | AD82: K-IFRS(일반) | AE82: 기타수익 | AF82: 로열티수익 | AG82: 케나즈 | AH82: 4월 | AI82: ← 서머너즈워 IP 활용 웹툰 정산금
A83: 91 | B83: 4100500 | C83: 기타수익 | D83: 46142 | E83: 1221 | F83: 0 | G83: 19424576 | H83: 129348782 | I83: 4월/매출_로열티정산/밸로프 제노니아 로열티 정산(2026년 4월) | J83: C103189 | K83: (주)밸로프(VALOFE Co., Ltd) | L83: CS10003275 | M83: (주)컴투스>사업운영센터>운영지원팀 | N83: KRW | O83: 19424576 | P83: 1 | Q83: A0019 | R83: 제노니아 | S83: 세금계산서 | T83: 공통_수입결의서 | U83: 기타수익 | V83: (주)컴투스 | W83: (주)컴투스>경영전략부문>재무관리실>회계세무팀 | X83: 김보훈 | Y83: FI20260430001256 | Z83: 1 | AA83: 결의서입력 | AB83: 11 | AC83: 일반 | AD83: K-IFRS(일반) | AE83: 기타수익 | AF83: 로열티수익 | AG83: 밸로프(로열티) | AH83: 4월 | AI83: ← 제노니아/루니아전기 로열티
A84: 92 | B84: 4100500 | C84: 기타수익 | D84: 46142 | E84: 1222 | F84: 0 | G84: 50000000 | H84: 179348782 | I84: 26년 4월 더 스타라이트 IP 기본 사용료 매출인식 | J84: C103732 | K84: (주)게임테일즈 | L84: CS10003275 | M84: (주)컴투스>사업운영센터>운영지원팀 | N84: KRW | O84: 50000000 | P84: 1 | Q84: D0010 | R84: 더스타라이트 | S84: 세금계산서 | T84: 공통_수입결의서 | U84: 기타수익 | V84: (주)컴투스 | W84: (주)컴투스>경영전략부문>재무관리실>회계세무팀 | X84: 김보훈 | Y84: FI20260430001257 | Z84: 1 | AA84: 결의서입력 | AB84: 11 | AC84: 일반 | AD84: K-IFRS(일반) | AE84: 기타수익 | AF84: 기타 | AG84: 게임테일즈 | AH84: 4월 | AI84: ← 게임테일즈 운영시스템 양도/IP 사용료
A85: 93 | B85: 4100500 | C85: 기타수익 | D85: 46142 | E85: 1223 | F85: 0 | G85: 19374429 | H85: 198723211 | I85: 04월/매출_수익정산/하이브로 타이니팜 매출 정산(2026년 03월)수익정산 | J85: C104162 | K85: 주식회사 하이브로 | L85: CS10003276 | M85: (주)컴투스>사업운영센터>센트럴사업실 | N85: KRW | O85: 19374429 | P85: 1 | Q85: A0007 | R85: 타이니팜 | S85: 세금계산서 | T85: 공통_수입결의서 | U85: 기타수익 | V85: (주)컴투스 | W85: (주)컴투스>경영전략부문>재무관리실>회계세무팀 | X85: 김보훈 | Y85: FI20260430001258 | Z85: 1 | AA85: 결의서입력 | AB85: 11 | AC85: 일반 | AD85: K-IFRS(일반) | AE85: 기타수익 | AF85: 기타 | AG85: 하이브로 | AH85: 4월 | AI85: ← 타이니팜/드래곤럼블 매출 정산
A86: 94 | B86: 4100500 | C86: 기타수익 | D86: 46142 | E86: 1223 | F86: 0 | G86: 1505967 | H86: 200229178 | I86: 04월/매출_수익정산/하이브로 드래곤럼블 매출 정산(2026년 03월) | J86: C104162 | K86: 주식회사 하이브로 | L86: CS10003276 | M86: (주)컴투스>사업운영센터>센트럴사업실 | N86: KRW | O86: 1505967 | P86: 1 | Q86: C0029 | R86: 전투기키우기 | S86: 세금계산서 | T86: 공통_수입결의서 | U86: 기타수익 | V86: (주)컴투스 | W86: (주)컴투스>경영전략부문>재무관리실>회계세무팀 | X86: 김보훈 | Y86: FI20260430001258 | Z86: 4 | AA86: 결의서입력 | AB86: 11 | AC86: 일반 | AD86: K-IFRS(일반) | AE86: 기타수익 | AF86: 기타 | AG86: 하이브로 | AH86: 4월 | AI86: ← 타이니팜/드래곤럼블 매출 정산
A87: 95 | B87: 4100500 | C87: 기타수익 | D87: 46142 | E87: 1305 | F87: 0 | G87: 1988901 | H87: 202218079 | I87: [매출/정산] 26년 4월 컴투스 상표 로열티_홀딩스 | J87: C103422 | K87: 주식회사 컴투스홀딩스 | L87: 000000 | M87: 회사전체 | N87: KRW | O87: 1988901 | P87: 1 | Q87: Z0000 | R87: 공통 | V87: (주)컴투스 | W87: (주)컴투스>경영전략부문>재무관리실>회계세무팀 | X87: 김보훈 | Y87: FI20260430001335 | Z87: 1 | AA87: 전표입력 | AB87: 11 | AC87: 일반 | AD87: K-IFRS(일반) | AE87: 기타수익 | AF87: 기타 | AG87: 컴투스홀딩스(기타) | AH87: 4월 | AI87: ← 그룹사 홍보비용 정산
A88: 96 | B88: 4100500 | C88: 기타수익 | D88: 46142 | E88: 1305 | F88: 0 | G88: 806224 | H88: 203024303 | I88: [매출/정산] 26년 4월 컴투스 상표 로열티_플랫폼 | J88: C103422 | K88: 주식회사 컴투스홀딩스 | L88: 000000 | M88: 회사전체 | N88: KRW | O88: 806224 | P88: 1 | Q88: Z0000 | R88: 공통 | V88: (주)컴투스 | W88: (주)컴투스>경영전략부문>재무관리실>회계세무팀 | X88: 김보훈 | Y88: FI20260430001335 | Z88: 4 | AA88: 전표입력 | AB88: 11 | AC88: 일반 | AD88: K-IFRS(일반) | AE88: 기타수익 | AF88: 기타 | AG88: 컴투스홀딩스(기타) | AH88: 4월 | AI88: ← 그룹사 홍보비용 정산
A89: 97 | B89: 4100500 | C89: 기타수익 | D89: 46142 | E89: 1319 | F89: 0 | G89: 22132224 | H89: 225156527 | I89: 4월 선수협 퍼블리시티권 정산_공게임즈_이사만루 | J89: C103591 | K89: (주) 공게임즈 | L89: CS10003276 | M89: (주)컴투스>사업운영센터>센트럴사업실 | N89: KRW | O89: 22132224 | P89: 1 | Q89: Z0000 | R89: 공통 | V89: (주)컴투스 | W89: (주)컴투스>경영전략부문>재무관리실>회계세무팀 | X89: 김보훈 | Y89: FI20260430001341 | Z89: 1 | AA89: 전표입력 | AB89: 11 | AC89: 일반 | AD89: K-IFRS(일반) | AE89: 기타수익 | AF89: 로열티수익 | AG89: 공게임즈 | AH89: 4월
A90: 98 | B90: 4100500 | C90: 기타수익 | D90: 46142 | E90: 1319 | F90: 0 | G90: 17450350 | H90: 242606877 | I90: 4월 선수협 퍼블리시티권 정산_네오위즈 스포츠_슬러거 | J90: C103592 | K90: (주) 네오위즈스포츠 | L90: CS10003276 | M90: (주)컴투스>사업운영센터>센트럴사업실 | N90: KRW | O90: 17450350 | P90: 1 | Q90: Z0000 | R90: 공통 | V90: (주)컴투스 | W90: (주)컴투스>경영전략부문>재무관리실>회계세무팀 | X90: 김보훈 | Y90: FI20260430001341 | Z90: 2 | AA90: 전표입력 | AB90: 11 | AC90: 일반 | AD90: K-IFRS(일반) | AE90: 기타수익 | AF90: 로열티수익 | AG90: 네오위즈스포츠 | AH90: 4월
A91: 99 | B91: 4100500 | C91: 기타수익 | D91: 46142 | E91: 1319 | F91: 0 | G91: 19466595 | H91: 262073472 | I91: 4월 선수협 퍼블리시티권 정산_넷마블_마구마구 리마스터 | J91: C102096 | K91: 넷마블 주식회사 | L91: CS10003276 | M91: (주)컴투스>사업운영센터>센트럴사업실 | N91: KRW | O91: 19466595 | P91: 1 | Q91: Z0000 | R91: 공통 | V91: (주)컴투스 | W91: (주)컴투스>경영전략부문>재무관리실>회계세무팀 | X91: 김보훈 | Y91: FI20260430001341 | Z91: 3 | AA91: 전표입력 | AB91: 11 | AC91: 일반 | AD91: K-IFRS(일반) | AE91: 기타수익 | AF91: 기타 | AG91: 넷마블(기타) | AH91: 4월
A92: 100 | B92: 4100500 | C92: 기타수익 | D92: 46142 | E92: 1319 | F92: 0 | G92: 12735678 | H92: 274809150 | I92: 4월 선수협 퍼블리시티권 정산_넷마블_마구마구 | J92: C102096 | K92: 넷마블 주식회사 | L92: CS10003276 | M92: (주)컴투스>사업운영센터>센트럴사업실 | N92: KRW | O92: 12735678 | P92: 1 | Q92: Z0000 | R92: 공통 | V92: (주)컴투스 | W92: (주)컴투스>경영전략부문>재무관리실>회계세무팀 | X92: 김보훈 | Y92: FI20260430001341 | Z92: 4 | AA92: 전표입력 | AB92: 11 | AC92: 일반 | AD92: K-IFRS(일반) | AE92: 기타수익 | AF92: 기타 | AG92: 넷마블(기타) | AH92: 4월
A93: 101 | B93: 4100500 | C93: 기타수익 | D93: 46142 | E93: 1319 | F93: 0 | G93: 5803546 | H93: 280612696 | I93: 4월 선수협 퍼블리시티권 정산_에이스프로젝트_9UP프로야구 | J93: C101857 | K93: 주식회사 에이스프로젝트 | L93: CS10003276 | M93: (주)컴투스>사업운영센터>센트럴사업실 | N93: KRW | O93: 5803546 | P93: 1 | Q93: Z0000 | R93: 공통 | V93: (주)컴투스 | W93: (주)컴투스>경영전략부문>재무관리실>회계세무팀 | X93: 김보훈 | Y93: FI20260430001341 | Z93: 5 | AA93: 전표입력 | AB93: 11 | AC93: 일반 | AD93: K-IFRS(일반) | AE93: 기타수익 | AF93: 로열티수익 | AG93: 에이스프로젝트 | AH93: 4월
A94: 102 | B94: 4100500 | C94: 기타수익 | D94: 46142 | E94: 1319 | F94: 0 | G94: 635256 | H94: 281247952 | I94: 4월 선수협 퍼블리시티권 정산_위메이드_판타스틱 베이스볼 | J94: C101989 | K94: 주식회사 위메이드 | L94: CS10003276 | M94: (주)컴투스>사업운영센터>센트럴사업실 | N94: KRW | O94: 635256 | P94: 1 | Q94: Z0000 | R94: 공통 | V94: (주)컴투스 | W94: (주)컴투스>경영전략부문>재무관리실>회계세무팀 | X94: 김보훈 | Y94: FI20260430001341 | Z94: 6 | AA94: 전표입력 | AB94: 11 | AC94: 일반 | AD94: K-IFRS(일반) | AE94: 기타수익 | AF94: 로열티수익 | AG94: 위메이드 | AH94: 4월 | AI94: ← 바터광고
A95: 103 | B95: 4100500 | C95: 기타수익 | D95: 46142 | E95: 1319 | F95: 0 | G95: 25393862 | H95: 306641814 | I95: 4월 선수협 퍼블리시티권 정산_해긴_프로야구GO! | J95: C104308 | K95: 주식회사 해긴 | L95: CS10003276 | M95: (주)컴투스>사업운영센터>센트럴사업실 | N95: KRW | O95: 25393862 | P95: 1 | Q95: Z0000 | R95: 공통 | V95: (주)컴투스 | W95: (주)컴투스>경영전략부문>재무관리실>회계세무팀 | X95: 김보훈 | Y95: FI20260430001341 | Z95: 7 | AA95: 전표입력 | AB95: 11 | AC95: 일반 | AD95: K-IFRS(일반) | AE95: 기타수익 | AF95: 로열티수익 | AG95: 해긴 | AH95: 4월 | AI95: ← 프로야구GO! 선수협 정산
A96: 104 | B96: 4100500 | C96: 기타수익 | D96: 46142 | E96: 1319 | F96: 0 | G96: 447693 | H96: 307089507 | I96: 4월 선수협 퍼블리시티권 정산_OOTP_OOTP26 | J96: C800373 | K96: Out of the park Developments GmbH & Co.KG(OOTP) | L96: CS10003276 | M96: (주)컴투스>사업운영센터>센트럴사업실 | N96: KRW | O96: 447693 | P96: 1 | Q96: Z0000 | R96: 공통 | V96: (주)컴투스 | W96: (주)컴투스>경영전략부문>재무관리실>회계세무팀 | X96: 김보훈 | Y96: FI20260430001341 | Z96: 8 | AA96: 전표입력 | AB96: 11 | AC96: 일반 | AD96: K-IFRS(일반) | AE96: 기타수익 | AF96: 로열티수익 | AG96: OOTP(로열티) | AH96: 4월 | AI96: ← 선수협 퍼블리시티권 정산
A97: 1 | B97: 4100300 | C97: 용역수익 | D97: 46023 | E97: 24 | F97: 0 | G97: -232573202 | H97: -232573202 | I97: 10월 컴투스-컴투스홀딩스 업무위탁계약 용역비 | J97: C103422 | K97: 주식회사 컴투스홀딩스 | L97: CS10003521 | M97: (주)컴투스>경영전략부문>재무관리실>회계팀 | N97: KRW | O97: -232573202 | P97: 1 | Q97: Z0000 | R97: 공통 | V97: (주)컴투스 | W97: (주)컴투스>경영전략부문>재무관리실>회계팀 | X97: 임회원 | Y97: FI20260101000029 | Z97: 2 | AA97: 역분개전표처리 | AB97: 13 | AC97: 결산역분개 | AD97: K-IFRS(일반) | AE97: 용역수익 | AF97: 경영관리수익 | AG97: 컴투스홀딩스 | AH97: 1월 | AI97: ← 라이브게임 용역료, 업무위탁용역비
A98: 2 | B98: 4100300 | C98: 용역수익 | D98: 46023 | E98: 22 | F98: 0 | G98: -232573202 | H98: -465146404 | I98: 11월 컴투스-컴투스홀딩스 업무위탁계약 용역비 예상인식 | J98: C103422 | K98: 주식회사 컴투스홀딩스 | L98: CS10003521 | M98: (주)컴투스>경영전략부문>재무관리실>회계팀 | N98: KRW | O98: -232573202 | P98: 1 | Q98: Z0000 | R98: 공통 | V98: (주)컴투스 | W98: (주)컴투스>경영전략부문>재무관리실>회계팀 | X98: 임회원 | Y98: FI20260101000031 | Z98: 2 | AA98: 역분개전표처리 | AB98: 13 | AC98: 결산역분개 | AD98: K-IFRS(일반) | AE98: 용역수익 | AF98: 경영관리수익 | AG98: 컴투스홀딩스 | AH98: 1월 | AI98: ← 라이브게임 용역료, 업무위탁용역비
A99: 3 | B99: 4100300 | C99: 용역수익 | D99: 46023 | E99: 23 | F99: 0 | G99: -232573202 | H99: -697719606 | I99: 12월 컴투스-컴투스홀딩스 업무위탁계약 용역비 예상인식 | J99: C103422 | K99: 주식회사 컴투스홀딩스 | L99: CS10003521 | M99: (주)컴투스>경영전략부문>재무관리실>회계팀 | N99: KRW | O99: -232573202 | P99: 1 | Q99: Z0000 | R99: 공통 | V99: (주)컴투스 | W99: (주)컴투스>경영전략부문>재무관리실>회계팀 | X99: 임회원 | Y99: FI20260101000033 | Z99: 2 | AA99: 역분개전표처리 | AB99: 13 | AC99: 결산역분개 | AD99: K-IFRS(일반) | AE99: 용역수익 | AF99: 경영관리수익 | AG99: 컴투스홀딩스 | AH99: 1월 | AI99: ← 라이브게임 용역료, 업무위탁용역비
A100: 4 | B100: 4100300 | C100: 용역수익 | D100: 46023 | E100: 25 | F100: 0 | G100: -827497 | H100: -698547103 | I100: [매출/용역] OOTP 지원 용역매출 25년 10월 예상인식 | J100: C800373 | K100: Out of the park Developments GmbH & Co.KG(OOTP) | L100: CS10003521 | M100: (주)컴투스>경영전략부문>재무관리실>회계팀 | N100: USD | O100: -597.35 | P100: 1385.28 | Q100: C0017 | R100: OOTP | V100: (주)컴투스 | W100: (주)컴투스>경영전략부문>재무관리실>회계팀 | X100: 임회원 | Y100: FI20260101000035 | Z100: 2 | AA100: 역분개전표처리 | AB100: 13 | AC100: 결산역분개 | AD100: K-IFRS(일반) | AE100: 용역수익 | AF100: 경영관리수익 | AG100: OOTP(용역) | AH100: 1월 | AI100: ← OOTP 지원 용역매출
...

Sheet 검색
A1: Raw_Data 상세 조회
A2: 월 | B2: (전체) | C2: 드롭다운 또는 쉼표(,)로 다중입력 (예: 5월,6월) | (전체) 선택시 해당 조건 미적용
A3: 거래처(표시명) | B3: (전체)
A4: 매출구분 | B4: (전체)
A6: No | B6: 거래처 | C6: 회계일 | D6: 월 | E6: 대변 | F6: 매출구분 | G6: 세부구분 | H6: 표시명 | I6: 적요 | J6: 비고_매핑
A7: {=_xlfn._xlws.FILTER(CHOOSE({1,2,3,4,5,6,7,8,9,10},Raw_Data!$A$2:$A$777,Raw_Data!$K$2:$K$777,Raw_Data!$D$2:$D$777,Raw_Data!$AH$2:$AH$777,Raw_Data!$G$2:$G$777,Raw_Data!$AE$2:$AE$777,Raw_Data!$AF$2:$AF$777,Raw_Data!$AG$2:$AG$777,Raw_Data!$I$2:$I$777,Raw_Data!$AI$2:$AI$777),(($B$2="(전체)")+ISNUMBER(SEARCH(","&Raw_Data!$AH$2:$AH$777&",",","&SUBSTITUTE($B$2," ","")&",")))*(($B$3="(전체)")+ISNUMBER(SEARCH(","&Raw_Data!$AG$2:$AG$777&",",","&SUBSTITUTE($B$3," ","")&",")))*(($B$4="(전체)")+(Raw_Data!$AE$2:$AE$777=$B$4)),"")} -> 1 | B7: 주식회사 컴투스홀딩스 | C7: 46047 | D7: 1월 | E7: 33725108 | F7: 기타수익 | G7: 기타 | H7: 컴투스홀딩스(기타) | I7: 2025년 4분기 그룹사 홍보비용 정산(홀딩스) | J7: ← 그룹사 홍보비용 정산
A8: 2 | B8: 주식회사 컴투스플랫폼 | C8: 46047 | D8: 1월 | E8: 14468693 | F8: 기타수익 | G8: 기타 | H8: 컴투스플랫폼(기타) | I8: 2025년 4분기 그룹사 홍보비용 정산(플랫폼) | J8: ← 컴투스 상표 로열티, 4사 공용비용 분담금
A9: 3 | B9: (주)에스비에스콘텐츠허브 | C9: 46052 | D9: 1월 | E9: 121442 | F9: 기타수익 | G9: 기타 | H9: 에스비에스콘텐츠허브 | I9: 01월/기타수익_매출/워너비챌린지 OST 음원매출 | J9: ← 워너비챌린지 음원매출
A10: 4 | B10: 주식회사 카탈리스터 | C10: 46053 | D10: 1월 | E10: 835680 | F10: 기타수익 | G10: 기타 | H10: 카탈리스터(기타) | I10: 26년 1월 카탈리스터 전대차 임대료 | J10: ← 4사 공용비용 분담금
A11: 5 | B11: 주식회사 데이세븐 | C11: 46053 | D11: 1월 | E11: 175000 | F11: 기타수익 | G11: 기타 | H11: 데이세븐(기타) | I11: 26년 1월 데이세븐 전대차 임대료 | J11: ← 전대차 임대료
A12: 6 | B12: 주식회사 컴투스홀딩스 | C12: 46053 | D12: 1월 | E12: 13048244 | F12: 기타수익 | G12: 기타 | H12: 컴투스홀딩스(기타) | I12: 1월분 4사 공용비용 분담 예상 금액_컴투스홀딩스 | J12: ← 그룹사 홍보비용 정산
A13: 7 | B13: 주식회사 컴투스플랫폼 | C13: 46053 | D13: 1월 | E13: 29397672 | F13: 기타수익 | G13: 기타 | H13: 컴투스플랫폼(기타) | I13: 1월분 4사 공용비용 분담 예상 금액_컴투스플랫폼 | J13: ← 컴투스 상표 로열티, 4사 공용비용 분담금
A14: 8 | B14: 주식회사 카탈리스터 | C14: 46053 | D14: 1월 | E14: 132223 | F14: 기타수익 | G14: 기타 | H14: 카탈리스터(기타) | I14: 1월분 4사 공용비용 분담 예상 금액_카탈리스터 | J14: ← 4사 공용비용 분담금
A15: 9 | B15: 주식회사 하이브로 | C15: 46053 | D15: 1월 | E15: 18413940 | F15: 기타수익 | G15: 기타 | H15: 하이브로 | I15: 12월/매출_수익정산/하이브로 타이니팜＆드래곤럼블(2종게임) 매출 정산(2025년 12월) | J15: ← 타이니팜/드래곤럼블 매출 정산
A16: 10 | B16: 주식회사 하이브로 | C16: 46053 | D16: 1월 | E16: 15551596 | F16: 기타수익 | G16: 기타 | H16: 하이브로 | I16: 12월/매출_수익정산/하이브로 타이니팜＆드래곤럼블(2종게임) 매출 정산(2025년 12월) | J16: ← 타이니팜/드래곤럼블 매출 정산
A17: 11 | B17: 주식회사 컴투스플랫폼 | C17: 46053 | D17: 1월 | E17: 831597 | F17: 기타수익 | G17: 기타 | H17: 컴투스플랫폼(기타) | I17: 2026년 1월 붕어빵 타이쿤 IP로열티 정산분 | J17: ← 컴투스 상표 로열티, 4사 공용비용 분담금
A18: 12 | B18: 주식회사 컴투스홀딩스 | C18: 46053 | D18: 1월 | E18: 2679557 | F18: 기타수익 | G18: 기타 | H18: 컴투스홀딩스(기타) | I18: [매출/정산] 26년 1월 컴투스 상표 로열티_홀딩스 | J18: ← 그룹사 홍보비용 정산
A19: 13 | B19: 주식회사 컴투스플랫폼 | C19: 46053 | D19: 1월 | E19: 612796 | F19: 기타수익 | G19: 기타 | H19: 컴투스플랫폼(기타) | I19: [매출/정산] 26년 1월 컴투스 상표 로열티_플랫폼 | J19: ← 컴투스 상표 로열티, 4사 공용비용 분담금
A20: 14 | B20: 주식회사 컴투스플랫폼 | C20: 46053 | D20: 1월 | E20: 600000 | F20: 기타수익 | G20: 기타 | H20: 컴투스플랫폼(기타) | I20: 1월/복리후생비/26년 1월 임원 복리후생 이용 정산 건 | J20: ← 컴투스 상표 로열티, 4사 공용비용 분담금
A21: 16 | B21: (주) 공게임즈 | C21: 46053 | D21: 1월 | E21: 989829 | F21: 기타수익 | G21: 로열티수익 | H21: 공게임즈 | I21: 1월 선수협 퍼블리시티권 정산_공게임즈_이사만루 예정-확정 차이 (25.12 매출) | J21: 0
A22: 17 | B22: 넷마블 주식회사 | C22: 46053 | D22: 1월 | E22: -367497 | F22: 기타수익 | G22: 기타 | H22: 넷마블(기타) | I22: 1월 선수협 퍼블리시티권 정산_넷마블_마구마구 예정-확정 차이 (25.12 매출) | J22: 0
A23: 18 | B23: 주식회사 에이스프로젝트 | C23: 46053 | D23: 1월 | E23: -80200 | F23: 기타수익 | G23: 로열티수익 | H23: 에이스프로젝트 | I23: 1월 선수협 퍼블리시티권 정산_에이스프로젝트_9UP프로야구 예정-확정 차이 (25.12 매출) | J23: 0
A24: 21 | B24: 주식회사 케나즈 | C24: 46054 | D24: 2월 | E24: 31189 | F24: 기타수익 | G24: 로열티수익 | H24: 케나즈 | I24: 2월/로열티 매출/ 25년 4Q KENAZ의 '서머너즈 워' IP 웹툰 6종 서비스 원작료 정산 | J24: ← 서머너즈워 IP 활용 웹툰 정산금
A25: 22 | B25: (주)에스비에스콘텐츠허브 | C25: 46080 | D25: 2월 | E25: 117215 | F25: 기타수익 | G25: 기타 | H25: 에스비에스콘텐츠허브 | I25: 02월/기타수익_매출/워너비챌린지 OST 음원매출 | J25: ← 워너비챌린지 음원매출
A26: 23 | B26: 주식회사 카탈리스터 | C26: 46081 | D26: 2월 | E26: 835680 | F26: 기타수익 | G26: 기타 | H26: 카탈리스터(기타) | I26: [기타매출] 2월 카탈리스터 전대차 임대료 | J26: ← 4사 공용비용 분담금
A27: 24 | B27: 주식회사 데이세븐 | C27: 46081 | D27: 2월 | E27: 175000 | F27: 기타수익 | G27: 기타 | H27: 데이세븐(기타) | I27: [기타매출] 2월 데이세븐 전대차 임대료 | J27: ← 전대차 임대료
A28: 25 | B28: 주식회사 컴투스홀딩스 | C28: 46081 | D28: 2월 | E28: 2798183 | F28: 기타수익 | G28: 기타 | H28: 컴투스홀딩스(기타) | I28: [매출/정산] 26년 2월 컴투스 상표 로열티_홀딩스 | J28: ← 그룹사 홍보비용 정산
A29: 26 | B29: 주식회사 컴투스플랫폼 | C29: 46081 | D29: 2월 | E29: 549265 | F29: 기타수익 | G29: 기타 | H29: 컴투스플랫폼(기타) | I29: [매출/정산] 26년 2월 컴투스 상표 로열티_플랫폼 | J29: ← 컴투스 상표 로열티, 4사 공용비용 분담금
A30: 27 | B30: 주식회사 컴투스플랫폼 | C30: 46081 | D30: 2월 | E30: 314225 | F30: 기타수익 | G30: 기타 | H30: 컴투스플랫폼(기타) | I30: 2026년 2월 붕어빵 타이쿤 IP로열티 정산분 | J30: ← 컴투스 상표 로열티, 4사 공용비용 분담금
A31: 28 | B31: 주식회사 하이브로 | C31: 46081 | D31: 2월 | E31: 17227545 | F31: 기타수익 | G31: 기타 | H31: 하이브로 | I31: 01월/매출_수익정산/하이브로 타이니팜 매출 정산(2026년 01월) | J31: ← 타이니팜/드래곤럼블 매출 정산
A32: 29 | B32: 주식회사 하이브로 | C32: 46081 | D32: 2월 | E32: 4734168 | F32: 기타수익 | G32: 기타 | H32: 하이브로 | I32: 01월/매출_수익정산/하이브로 드래곤럼블 매출 정산(2026년 01월) | J32: ← 타이니팜/드래곤럼블 매출 정산
A33: 30 | B33: 주식회사 컴투스홀딩스 | C33: 46081 | D33: 2월 | E33: 11241702 | F33: 기타수익 | G33: 기타 | H33: 컴투스홀딩스(기타) | I33: [매출 / 가인식] 1월 그룹사 홍보비용 정산(홀딩스) | J33: ← 그룹사 홍보비용 정산
A34: 31 | B34: 주식회사 컴투스홀딩스 | C34: 46081 | D34: 2월 | E34: 11241702 | F34: 기타수익 | G34: 기타 | H34: 컴투스홀딩스(기타) | I34: [매출 / 가인식] 2월 그룹사 홍보비용 정산(홀딩스) | J34: ← 그룹사 홍보비용 정산
A35: 32 | B35: 주식회사 컴투스플랫폼 | C35: 46081 | D35: 2월 | E35: 4822897 | F35: 기타수익 | G35: 기타 | H35: 컴투스플랫폼(기타) | I35: [매출 / 가인식] 1월 그룹사 홍보비용 정산(플랫폼) | J35: ← 컴투스 상표 로열티, 4사 공용비용 분담금
... A59: 59 | B59: 과천펜타원 관리단 | C59: 46112 | D59: 3월 | E59: 5273300 | F59: 기타수익 | G59: 기타 | H59: 과천펜타원 관리단 | I59: 과천펜타원 공실에 다른 주차수익 | J59: 과천펜타원 공실에 따른 주차수익, 계정대체
A60: 60 | B60: (주) 공게임즈 | C60: 46112 | D60: 3월 | E60: 38159602 | F60: 기타수익 | G60: 로열티수익 | H60: 공게임즈 | I60: 3월 선수협 퍼블리시티권 정산_공게임즈_이사만루 | J60: 0
A61: 61 | B61: (주) 네오위즈스포츠 | C61: 46112 | D61: 3월 | E61: 56637702 | F61: 기타수익 | G61: 로열티수익 | H61: 네오위즈스포츠 | I61: 3월 선수협 퍼블리시티권 정산_네오위즈_슬리거(PC) | J61: 0
A62: 62 | B62: 넷마블 주식회사 | C62: 46112 | D62: 3월 | E62: 65888200 | F62: 기타수익 | G62: 기타 | H62: 넷마블(기타) | I62: 3월 선수협 퍼블리시티권 정산_넷마블_마구마구 리마스터(PC) | J62: 0
A63: 63 | B63: 넷마블 주식회사 | C63: 46112 | D63: 3월 | E63: 65377785 | F63: 기타수익 | G63: 기타 | H63: 넷마블(기타) | I63: 3월 선수협 퍼블리시티권 정산_넷마블_마구마구 | J63: 0
A64: 64 | B64: 주식회사 에이스프로젝트 | C64: 46112 | D64: 3월 | E64: 11340931 | F64: 기타수익 | G64: 로열티수익 | H64: 에이스프로젝트 | I64: 3월 선수협 퍼블리시티권 정산_에이스프로젝트_9UP프로야구 | J64: 0
A65: 65 | B65: 주식회사 위메이드 | C65: 46112 | D65: 3월 | E65: 1631962 | F65: 기타수익 | G65: 로열티수익 | H65: 위메이드 | I65: 3월 선수협 퍼블리시티권 정산_위메이드_판타스틱 베이스볼 | J65: ← 바터광고
A66: 69 | B66: 주식회사 컴투스홀딩스 | C66: 46113 | D66: 4월 | E66: -918925 | F66: 기타수익 | G66: 기타 | H66: 컴투스홀딩스(기타) | I66: [매출/정산] 26년 3월 컴투스 상표 로열티_플랫폼_거래처수정 | J66: ← 그룹사 홍보비용 정산
A67: 70 | B67: 주식회사 컴투스플랫폼 | C67: 46113 | D67: 4월 | E67: 918925 | F67: 기타수익 | G67: 기타 | H67: 컴투스플랫폼(기타) | I67: [매출/정산] 26년 3월 컴투스 상표 로열티_플랫폼_거래처수정 | J67: ← 컴투스 상표 로열티, 4사 공용비용 분담금
A68: 71 | B68: 주식회사 컴투스홀딩스 | C68: 46113 | D68: 4월 | E68: -11241702 | F68: 기타수익 | G68: 기타 | H68: 컴투스홀딩스(기타) | I68: [매출 / 가인식] 1월 그룹사 홍보비용 정산(홀딩스) | J68: ← 그룹사 홍보비용 정산
A69: 72 | B69: 주식회사 컴투스홀딩스 | C69: 46113 | D69: 4월 | E69: -11241702 | F69: 기타수익 | G69: 기타 | H69: 컴투스홀딩스(기타) | I69: [매출 / 가인식] 2월 그룹사 홍보비용 정산(홀딩스) | J69: ← 그룹사 홍보비용 정산
A70: 73 | B70: 주식회사 컴투스플랫폼 | C70: 46113 | D70: 4월 | E70: -4822897 | F70: 기타수익 | G70: 기타 | H70: 컴투스플랫폼(기타) | I70: [매출 / 가인식] 1월 그룹사 홍보비용 정산(플랫폼) | J70: ← 컴투스 상표 로열티, 4사 공용비용 분담금
A71: 74 | B71: 주식회사 컴투스플랫폼 | C71: 46113 | D71: 4월 | E71: -4822897 | F71: 기타수익 | G71: 기타 | H71: 컴투스플랫폼(기타) | I71: [매출 / 가인식] 2월 그룹사 홍보비용 정산(플랫폼) | J71: ← 컴투스 상표 로열티, 4사 공용비용 분담금
A72: 75 | B72: 주식회사 컴투스홀딩스 | C72: 46113 | D72: 4월 | E72: -11241702 | F72: 기타수익 | G72: 기타 | H72: 컴투스홀딩스(기타) | I72: [매출 / 가인식] 3월 그룹사 홍보비용 정산(홀딩스) / 역분개 | J72: ← 그룹사 홍보비용 정산
A73: 76 | B73: 주식회사 컴투스플랫폼 | C73: 46113 | D73: 4월 | E73: -4822897 | F73: 기타수익 | G73: 기타 | H73: 컴투스플랫폼(기타) | I73: [매출 / 가인식] 3월 그룹사 홍보비용 정산(플랫폼) / 역분개 | J73: ← 컴투스 상표 로열티, 4사 공용비용 분담금
A74: 77 | B74: (주)게임테일즈 | C74: 46113 | D74: 4월 | E74: 36246072 | F74: 기타수익 | G74: 기타 | H74: 게임테일즈 | I74: 26년 3월 더 스타라이트 IP 추가 사용료 매출인식 | J74: ← 게임테일즈 운영시스템 양도/IP 사용료
A75: 78 | B75: (주)밸로프(VALOFE Co., Ltd) | C75: 46113 | D75: 4월 | E75: 270330 | F75: 기타수익 | G75: 로열티수익 | H75: 밸로프(로열티) | I75: 2026년 1분기/ 매출_CDN 비용 정산 / 밸로프 아카마이 CDN 비용 정산 (2026년 1분기) | J75: ← 제노니아/루니아전기 로열티
A76: 79 | B76: 주식회사 컴투스홀딩스 | C76: 46136 | D76: 4월 | E76: 33374839 | F76: 기타수익 | G76: 기타 | H76: 컴투스홀딩스(기타) | I76: 2026년도 1분기 그룹사 홍보비용 정산 | J76: ← 그룹사 홍보비용 정산
... A93: 96 | B93: 주식회사 컴투스홀딩스 | C93: 46142 | D93: 4월 | E93: 806224 | F93: 기타수익 | G93: 기타 | H93: 컴투스홀딩스(기타) | I93: [매출/정산] 26년 4월 컴투스 상표 로열티_플랫폼 | J93: ← 그룹사 홍보비용 정산
A94: 97 | B94: (주) 공게임즈 | C94: 46142 | D94: 4월 | E94: 22132224 | F94: 기타수익 | G94: 로열티수익 | H94: 공게임즈 | I94: 4월 선수협 퍼블리시티권 정산_공게임즈_이사만루 | J94: 0
A95: 98 | B95: (주) 네오위즈스포츠 | C95: 46142 | D95: 4월 | E95: 17450350 | F95: 기타수익 | G95: 로열티수익 | H95: 네오위즈스포츠 | I95: 4월 선수협 퍼블리시티권 정산_네오위즈 스포츠_슬러거 | J95: 0
A96: 99 | B96: 넷마블 주식회사 | C96: 46142 | D96: 4월 | E96: 19466595 | F96: 기타수익 | G96: 기타 | H96: 넷마블(기타) | I96: 4월 선수협 퍼블리시티권 정산_넷마블_마구마구 리마스터 | J96: 0
A97: 100 | B97: 넷마블 주식회사 | C97: 46142 | D97: 4월 | E97: 12735678 | F97: 기타수익 | G97: 기타 | H97: 넷마블(기타) | I97: 4월 선수협 퍼블리시티권 정산_넷마블_마구마구 | J97: 0
A98: 101 | B98: 주식회사 에이스프로젝트 | C98: 46142 | D98: 4월 | E98: 5803546 | F98: 기타수익 | G98: 로열티수익 | H98: 에이스프로젝트 | I98: 4월 선수협 퍼블리시티권 정산_에이스프로젝트_9UP프로야구 | J98: 0
A99: 102 | B99: 주식회사 위메이드 | C99: 46142 | D99: 4월 | E99: 635256 | F99: 기타수익 | G99: 로열티수익 | H99: 위메이드 | I99: 4월 선수협 퍼블리시티권 정산_위메이드_판타스틱 베이스볼 | J99: ← 바터광고
A100: 103 | B100: 주식회사 해긴 | C100: 46142 | D100: 4월 | E100: 25393862 | F100: 기타수익 | G100: 로열티수익 | H100: 해긴 | I100: 4월 선수협 퍼블리시티권 정산_해긴_프로야구GO! | J100: ← 프로야구GO! 선수협 정산
A101: 104 | B101: Out of the park Developments GmbH & Co.KG(OOTP) | C101: 46142 | D101: 4월 | E101: 447693 | F101: 기타수익 | G101: 로열티수익 | H101: OOTP(로열티) | I101: 4월 선수협 퍼블리시티권 정산_OOTP_OOTP26 | J101: ← 선수협 퍼블리시티권 정산
A102: 1 | B102: 주식회사 컴투스홀딩스 | C102: 46023 | D102: 1월 | E102: -232573202 | F102: 용역수익 | G102: 경영관리수익 | H102: 컴투스홀딩스 | I102: 10월 컴투스-컴투스홀딩스 업무위탁계약 용역비 | J102: ← 라이브게임 용역료, 업무위탁용역비
A103: 2 | B103: 주식회사 컴투스홀딩스 | C103: 46023 | D103: 1월 | E103: -232573202 | F103: 용역수익 | G103: 경영관리수익 | H103: 컴투스홀딩스 | I103: 11월 컴투스-컴투스홀딩스 업무위탁계약 용역비 예상인식 | J103: ← 라이브게임 용역료, 업무위탁용역비
A104: 3 | B104: 주식회사 컴투스홀딩스 | C104: 46023 | D104: 1월 | E104: -232573202 | F104: 용역수익 | G104: 경영관리수익 | H104: 컴투스홀딩스 | I104: 12월 컴투스-컴투스홀딩스 업무위탁계약 용역비 예상인식 | J104: ← 라이브게임 용역료, 업무위탁용역비
A105: 4 | B105: Out of the park Developments GmbH & Co.KG(OOTP) | C105: 46023 | D105: 1월 | E105: -827497 | F105: 용역수익 | G105: 경영관리수익 | H105: OOTP(용역) | I105: [매출/용역] OOTP 지원 용역매출 25년 10월 예상인식 | J105: ← OOTP 지원 용역매출
A106: 5 | B106: Out of the park Developments GmbH & Co.KG(OOTP) | C106: 46023 | D106: 1월 | E106: -827497 | F106: 용역수익 | G106: 경영관리수익 | H106: OOTP(용역) | I106: [매출/용역] OOTP 지원 용역매출 25년 11월 예상인식 | J106: ← OOTP 지원 용역매출
A107: 6 | B107: Out of the park Developments GmbH & Co.KG(OOTP) | C107: 46023 | D107: 1월 | E107: -827497 | F107: 용역수익 | G107: 경영관리수익 | H107: OOTP(용역) | I107: [매출/용역] OOTP 지원 용역매출 25년 12월 예상인식 | J107: ← OOTP 지원 용역매출
A108: 7 | B108: 주식회사 컴투스홀딩스 | C108: 46047 | D108: 1월 | E108: 653340215 | F108: 용역수익 | G108: 경영관리수익 | H108: 컴투스홀딩스 | I108: 25년 4분기/매출_용역/컴투스홀딩스 용역 매출 (2025년 4분기) | J108: ← 라이브게임 용역료, 업무위탁용역비
A109: 8 | B109: 주식회사 컴투스플랫폼 | C109: 46047 | D109: 1월 | E109: 4583869 | F109: 용역수익 | G109: 경영관리수익 | H109: 컴투스플랫폼 | I109: 25년 4분기/매출_용역/컴투스플랫폼 용역 매출 (2025년 4분기) | J109: 0
A110: 9 | B110: Out of the park Developments GmbH & Co.KG(OOTP) | C110: 46047 | D110: 1월 | E110: 7163155 | F110: 용역수익 | G110: 경영관리수익 | H110: OOTP(용역) | I110: 2025년 4분기/매출_용역정산/OOTP 지원 용역 매출 - 2025.4분기 | J110: ← OOTP 지원 용역매출
A111: 10 | B111: Com2uS USA Inc | C111: 46047 | D111: 1월 | E111: 85428203 | F111: 용역수익 | G111: 경영관리수익 | H111: Com2uS USA | I111: 4분기/매출_용역정산/MLB PI 용역 매출(2025년 4분기) | J111: 0
A112: 11 | B112: 주식회사 카탈리스터 | C112: 46053 | D112: 1월 | E112: 56102 | F112: 용역수익 | G112: 경영관리수익 | H112: 카탈리스터 | I112: 2026년 1월 카탈리스터 | J112: 0
A113: 12 | B113: 주식회사 데이세븐 | C113: 46053 | D113: 1월 | E113: 500000 | F113: 용역수익 | G113: 경영관리수익 | H113: 데이세븐 | I113: 1월 / 용역수익 / 데이세븐 회계 용역 제공 용역수익 | J113: ← 용역 및 전대차 임대료
A114: 13 | B114: 주식회사 데이세븐 | C114: 46053 | D114: 1월 | E114: 24560025 | F114: 용역수익 | G114: 경영관리수익 | H114: 데이세븐 | I114: 1월/ 용역수익 / 데이세븐 사업 및 개발부문 용역수익 | J114: ← 용역 및 전대차 임대료
A115: 14 | B115: 주식회사 컴투스홀딩스 | C115: 46053 | D115: 1월 | E115: 217780072 | F115: 용역수익 | G115: 경영관리수익 | H115: 컴투스홀딩스 | I115: 1월 컴투스홀딩스 업무위탁 용역 매출 예상인식 | J115: ← 라이브게임 용역료, 업무위탁용역비
A116: 15 | B116: 주식회사 컴투스플랫폼 | C116: 46053 | D116: 1월 | E116: 1527956 | F116: 용역수익 | G116: 경영관리수익 | H116: 컴투스플랫폼 | I116: 1월/매출_용역/컴투스플랫폼 용역 매출 예상인식 | J116: 0
A117: 16 | B117: Out of the park Developments GmbH & Co.KG(OOTP) | C117: 46053 | D117: 1월 | E117: 2387716 | F117: 용역수익 | G117: 경영관리수익 | H117: OOTP(용역) | I117: [매출/용역] OOTP 지원 용역매출 26년 1월 예상인식 | J117: ← OOTP 지원 용역매출
A118: 17 | B118: 주식회사 컴투스플랫폼 | C118: 46053 | D118: 1월 | E118: 12330552 | F118: 용역수익 | G118: 경영관리수익 | H118: 컴투스플랫폼 | I118: 1월 그룹사 인사업무 용역료 | J118: 0
A119: 18 | B119: 주식회사 컴투스홀딩스 | C119: 46053 | D119: 1월 | E119: 3368942 | F119: 용역수익 | G119: 경영관리수익 | H119: 컴투스홀딩스 | I119: 1월 컴투스홀딩스 라이브게임 용역료 | J119: ← 라이브게임 용역료, 업무위탁용역비
A120: 19 | B120: MetaMagnet Limited | C120: 46053 | D120: 1월 | E120: 26853189 | F120: 용역수익 | G120: 경영관리수익 | H120: MetaMagnet | I120: 1월 XPLA 컨텐츠공급계약 1,843,666.67개 @14.5651 | J120: ← 블록체인 관련 업무위탁수익
A121: 20 | B121: MetaMagnet Limited | C121: 46053 | D121: 1월 | E121: 1086738 | F121: 용역수익 | G121: 경영관리수익 | H121: MetaMagnet | I121: 1월 XPLA Validator Delegation Reward 수익인식 | J121: ← 블록체인 관련 업무위탁수익
A122: 21 | B122: MetaMagnet Limited | C122: 46053 | D122: 1월 | E122: 2533864 | F122: 용역수익 | G122: 경영관리수익 | H122: MetaMagnet | I122: 1월 XPLA Validator Delegation Commission 수익인식 | J122: ← 블록체인 관련 업무위탁수익
A123: 22 | B123: MetaMagnet Limited | C123: 46053 | D123: 1월 | E123: 20767 | F123: 용역수익 | G123: 경영관리수익 | H123: MetaMagnet | I123: 1월 XPLA CONVERT 수수료 수량 754.93개 @27.83 | J123: ← 블록체인 관련 업무위탁수익
A124: 23 | B124: MetaMagnet Limited | C124: 46053 | D124: 1월 | E124: 11037 | F124: 용역수익 | G124: 경영관리수익 | H124: MetaMagnet | I124: 1월 CTXT CONVERT 수수료 수량 552.67개 @20.34 | J124: ← 블록체인 관련 업무위탁수익
A125: 24 | B125: MetaMagnet Limited | C125: 46053 | D125: 1월 | E125: 15483289 | F125: 용역수익 | G125: 경영관리수익 | H125: MetaMagnet | I125: 1월 game token deploy 수익 인식 - 낚시의신: 크루(CTXT) | J125: ← 블록체인 관련 업무위탁수익
A126: 25 | B126: OASYS PTE. LTD. | C126: 46053 | D126: 1월 | E126: 48550328 | F126: 용역수익 | G126: 경영관리수익 | H126: OASYS | I126: 1월 OAS Game Grant 수익 인식 669,929.40개 @72.4708 | J126: ← 블록체인 관련 업무위탁수익
A127: 29 | B127: 주식회사 컴투스플랫폼 | C127: 46054 | D127: 2월 | E127: -4583869 | F127: 용역수익 | G127: 경영관리수익 | H127: 컴투스플랫폼 | I127: 4Q/매출_용역/컴투스플랫폼 용역 매출 취소 | J127: 0
A128: 30 | B128: 주식회사 카탈리스터 | C128: 46081 | D128: 2월 | E128: 38446 | F128: 용역수익 | G128: 경영관리수익 | H128: 카탈리스터 | I128: 2026년 2월 카탈리스터 인사 용역 수익 | J128: 0
A129: 31 | B129: 주식회사 데이세븐 | C129: 46081 | D129: 2월 | E129: 500000 | F129: 용역수익 | G129: 경영관리수익 | H129: 데이세븐 | I129: [용역매출] 2월 데이세븐 회계 등 용역수익 | J129: ← 용역 및 전대차 임대료
A130: 32 | B130: 주식회사 컴투스홀딩스 | C130: 46081 | D130: 2월 | E130: 217780072 | F130: 용역수익 | G130: 경영관리수익 | H130: 컴투스홀딩스 | I130: [매출 / 가인식] 2월 컴투스홀딩스 업무위탁용역 | J130: ← 라이브게임 용역료, 업무위탁용역비
A131: 33 | B131: 주식회사 컴투스플랫폼 | C131: 46081 | D131: 2월 | E131: 1527956 | F131: 용역수익 | G131: 경영관리수익 | H131: 컴투스플랫폼 | I131: [매출 / 가인식] 2월 컴투스플랫폼 용역위탁 | J131: 0
A132: 34 | B132: Out of the park Developments GmbH & Co.KG(OOTP) | C132: 46081 | D132: 2월 | E132: 2387716 | F132: 용역수익 | G132: 경영관리수익 | H132: OOTP(용역) | I132: [매출 / 가인식] 2월 OOTP 지원 용역매출 | J132: ← OOTP 지원 용역매출
A133: 35 | B133: Com2uS USA Inc | C133: 46081 | D133: 2월 | E133: 28476081 | F133: 용역수익 | G133: 경영관리수익 | H133: Com2uS USA | I133: [매출 / 가인식] 1월 MLB PI 용역 매출 | J133: 0
A134: 36 | B134: Com2uS USA Inc | C134: 46081 | D134: 2월 | E134: 28476081 | F134: 용역수익 | G134: 경영관리수익 | H134: Com2uS USA | I134: [매출 / 가인식] 2월 MLB PI 용역 매출 | J134: 0
A135: 37 | B135: Com2uS USA Inc | C135: 46081 | D135: 2월 | E135: 4640756 | F135: 용역수익 | G135: 경영관리수익 | H135: Com2uS USA | I135: [매출 / 가인식] 1월 미국법인 가상자산 용역위탁료 | J135: 0
A136: 38 | B136: Com2uS USA Inc | C136: 46081 | D136: 2월 | E136: 4640756 | F136: 용역수익 | G136: 경영관리수익 | H136: Com2uS USA | I136: [매출 / 가인식] 2월 미국법인 가상자산 용역위탁료 | J136: 0
A137: 39 | B137: 주식회사 컴투스플랫폼 | C137: 46081 | D137: 2월 | E137: 12298184 | F137: 용역수익 | G137: 경영관리수익 | H137: 컴투스플랫폼 | I137: 2월 그룹사 인사업무 용역료 | J137: 0
A138: 40 | B138: 주식회사 컴투스홀딩스 | C138: 46081 | D138: 2월 | E138: 4910044 | F138: 용역수익 | G138: 경영관리수익 | H138: 컴투스홀딩스 | I138: 2월 컴투스홀딩스 라이브게임 용역료 | J138: ← 라이브게임 용역료, 업무위탁용역비
A139: 41 | B139: MetaMagnet Limited | C139: 46081 | D139: 2월 | E139: 26720629 | F139: 용역수익 | G139: 경영관리수익 | H139: MetaMagnet | I139: 2월 XPLA 컨텐츠공급계약 1,843,666.67개 @14.4932 | J139: ← 블록체인 관련 업무위탁수익
A140: 42 | B140: MetaMagnet Limited | C140: 46081 | D140: 2월 | E140: 737592 | F140: 용역수익 | G140: 경영관리수익 | H140: MetaMagnet | I140: 2월 XPLA Validator Delegation Reward 수익인식 | J140: ← 블록체인 관련 업무위탁수익
...

Sheet __Lists__
A1: (전체) | B1: (전체) | C1: (전체)
A2: 1월 | B2: Admob | C2: 게임매출
A3: 2월 | B3: Amazon | C3: 기타수익
A4: 3월 | B4: Beijing Raymobile | C4: 용역수익
A5: 4월 | B5: Com2uS USA
B6: Facebook
B7: Huawei
B8: Line
B9: MetaMagnet
B10: OASYS
B11: OOTP
B12: OOTP(로열티)
B13: OOTP(용역)
B14: Paypal
B15: Red River
B16: SBTM
B17: SOFT-WORLD
... B57: 해긴
